name;place_id;category;rating;reviews;cells_present;cells_top;atgr_pct;solv_pct;avr;reach_median_km;reach_max_km;effective_radius_km;domain;unclaimed;lat;lng
CARPINTERIA MARTINEZ PAZ S.L.;ChIJQ9B8LOpxLw0RYa3vfoSNuf0;Carpintero;3,5;11;24;13;26,5;23,8;6,4;2,3;4,7;;;False;42,3990268;-8,6375054
Carpintería Abilleira;ChIJzzMCzR9yLw0R4JFO9Ww_khM;Carpintería;;;20;12;24,5;23,1;4,8;2,1;3,5;;;False;42,4606224;-8,6406686
GRUPO ARTA;ChIJMZHn8cVxLw0R-Qfq3wlOwmU;Carpintería;4,4;59;35;7;14,3;10,9;11,9;1,6;3,1;1,7;grupoarta.com;False;42,4202175;-8,638838999999999
Carpintería Ceyeda, S.L.U.;ChIJE3PNtH5lLw0RTN-0OHxP_zU;Carpintería;5,0;12;13;6;12,2;10,9;8,2;2,5;3,4;;ceyeda.com;False;42,4042902;-8,5723174
Instalup;ChIJHQHToxZyLw0R-pbh1_UpOqI;Carpintería metálica y de aluminio;5,0;2;14;8;16,3;10,2;5,6;2,0;3,5;;instalup.com;False;42,474036999999996;-8,642365999999999
Amengo - Ebanistería, mueblería y carpintería al detalle.;ChIJQzhLf_1vLw0RwtEriCQBgxM;Ebanista;5,0;36;14;6;12,2;9,5;8,6;1,4;2,8;;instagram.com;False;42,3900897;-8,695777
Carpintería y Ebanistería Leins;ChIJOxjzGbFxLw0RsbtzDZKnDBM;Carpintero;4,0;8;28;8;16,3;8,8;9,8;2,2;3,4;;carpinteriaebanisterialeins.com;False;42,4282648;-8,6308937
Carpintería Osvaldo Romero;ChIJ8eX2W-lvLw0R959xr2Drlfc;Carpintería;;;11;6;12,2;7,5;8;1,3;2,6;;osvaldoromerocarpinteria.es;False;42,3914542;-8,6946377
Alberto Parada;ChIJ3UAqMuZlLw0RVHPfmzD3Ku8;Carpintero;5,0;3;7;4;8,2;7,5;5;1,5;2,1;;sites.google.com;False;42,435188499999995;-8,6843085
Manufacturas Madereras Xeve;ChIJvyy5HLZxLw0RT2DnmJwAFcA;Fábrica;4,6;33;12;5;10,2;6,8;5,8;2,2;2,6;;maderasxeve.com;False;42,4617691;-8,6048717
Hermanos Garrido S.l.;ChIJpwFoKQxwLw0RQSqDysT39RQ;Ebanista;4,2;9;27;5;10,2;6,8;9,8;2,3;3,0;;chgarrido.com;True;42,4059041;-8,6504978
Carpintería Piñeiro (Butano);ChIJE6vJ7_FtLw0RwsCIgz2kQ4s;Parada de autobús;;;11;4;8,2;6,8;7,5;1,6;2,9;;;False;42,4715796;-8,6702325
Montecelo;ChIJ6fqdEghxLw0R8yVdm0rngVk;Carpintería metálica y de aluminio;4,2;18;19;4;8,2;6,8;9,8;2,5;2,9;0,0;;True;42,433168599999995;-8,6146538
CARPINTERIA CARVEDRA;ChIJ3Ts7dTZxLw0RleB50dFVaR8;Carpintería metálica y de aluminio;4,3;3;22;8;16,3;6,1;9,4;2,0;3,6;0,0;carvedra.com;False;42,4379047;-8,6254583
Carpimoble;ChIJ6____xtwLw0RQuHRDDBgQec;Carpintería;4,5;93;15;6;12,2;6,1;6,4;1,4;3,0;;carpimoble.es;False;42,4102554;-8,5900363
Carpinox;ChIJiUGB0bhvLw0Ri4fann-jhWQ;Fábrica de acero inoxidable;4,8;4;14;4;8,2;4,8;5,1;2,8;3,9;;;True;42,4022028;-8,6852406
Rodiño;ChIJU3SH03tuLw0RYqMj7w4UlS8;Carpintería metálica y de aluminio;3,0;4;12;4;8,2;4,1;7,2;2,3;3,3;;;False;42,473261699999995;-8,6694537
Carpintería Lores Lores;ChIJJVE6cPZuLw0RHStYkJ2j9sg;Tienda de armarios;5,0;14;12;3;6,1;4,1;8,3;2,4;3,4;;;True;42,4300244;-8,7060423
CARPINTERIA SAMIEIRA;ChIJhQ56PtpuLw0RZojgtEGdDxo;Carpintería;5,0;5;12;2;4,1;4,1;12,2;2,6;2,7;;;True;42,419474199999996;-8,7356436
Piñeiro (carpintería bar);ChIJ42cB8PFtLw0RajOhw0XXy74;Parada de autobús;5,0;1;11;3;6,1;3,4;7,4;1,8;2,9;;;False;42,471652;-8,670353799999999
Carpintería Ebanistería Paco S.L.;ChIJhRw4E3puLw0RB3_IFkvJrfk;Tienda de armarios;5,0;2;13;2;4,1;3,4;9,4;1,4;1,5;;;True;42,4497642;-8,6940195
Peón;ChIJxVBDX9BxLw0Ri_2Q082IWRw;Carpintería metálica y de aluminio;4,2;6;18;4;8,2;2,7;7,2;3,5;3,8;;;False;42,4164257;-8,6656084
Macen Mart S.L.;ChIJz2hoaN5tLw0RSZmoTMGLqgU;Carpintería metálica y de aluminio;4,5;2;14;4;8,2;2,7;7,3;2,0;2,3;;;True;42,4597972;-8,686036399999999
Carpintería Aluncia;ChIJyZ0Dl8d3Lw0RjLA-j2iSID4;Carpintero;;;6;2;4,1;2,7;6,8;2,5;2,6;;carpinteriaaluncia.es;False;42,3944571;-8,555312599999999
Talleres Chano, S L.;ChIJx3SnrHNwLw0RG8V-nXCOgF8;Carpintería metálica y de aluminio;4,8;4;12;2;4,1;2,0;8,7;1,0;1,0;;;True;42,3895087;-8,634967699999999
Maderas Pazos s.l.;ChIJmfGTp65xLw0RlMzpbHqV8-A;Establecimiento de venta de madera;4,5;64;22;1;2,0;2,0;11,2;3,2;3,2;;maderaspazos.com;False;42,4271038;-8,622005
Comercial Entenza;ChIJh163QJ5vLw0RhNJ4-FEUX2A;Fábrica de muebles;4,2;31;7;2;4,1;1,4;8,3;1,0;1,0;;comercialentenza.com;False;42,379686799999995;-8,695902199999999
Mouriño Y Barreiro s.l.;ChIJhxBIZ_pzLw0RoVkSE6QOOec;Carpintería metálica y de aluminio;4,3;6;25;2;4,1;1,4;9,2;3,0;3,2;;;False;42,443869899999996;-8,6516156
Carpinteria de Madera Puga;ChIJs2uMpjV3Lw0RpUceXzY2Fd8;Carpintería;5,0;1;10;1;2,0;1,4;8,1;1,4;1,4;;;False;42,4082556;-8,5690476
Aluminios J.B. Tenorio, S.L.;ChIJ__oMEK5xLw0Rghc8tW_tR84;Carpintería metálica y de aluminio;4,3;11;18;1;2,0;1,4;9,1;2,8;2,8;;aluminiosjbtenorio.es;False;42,44612;-8,61185
VISIONGLASS;ChIJWZP_OmFxLw0RvTaZ1LAGBhU;Carpintería metálica y de aluminio;4,8;17;10;1;2,0;1,4;10,4;2,0;2,0;;visionglass.es;False;42,459756999999996;-8,597677299999999
Cocinas Pasaron - Reformas. José Manuel Fontán Fariña;ChIJS2CBVMNxLw0RiNBfxLVBwuQ;Carpintero;3,1;10;16;1;2,0;1,4;14,2;3,0;3,0;;reformaspasaron.es;False;42,4350586;-8,6488436
Ebanisteria J Fernandez;ChIJfRkgzY5xLw0R1TjnFYrV5v4;Ebanista;5,0;2;15;1;2,0;0,7;7,9;0,7;0,7;;;False;42,4558884;-8,630534599999999
Aluminios Ventaport;ChIJbUVhOuPWLw0R0Uakvy8D8zY;Carpintería metálica y de aluminio;4,9;13;13;1;2,0;0,7;8,5;3,4;3,4;;aluminiosventaport.com;False;42,4744238;-8,645546
inexma s.a.;ChIJTcXpXnRwLw0RdAdDPgIJIYI;Carpintería;4,6;19;11;1;2,0;0,7;9,5;2,5;2,5;;inexma.es;False;42,3854957;-8,6346859
Manufacturas del Lerez;ChIJ0-8ldodxLw0RJgf0R20VKy4;Fábrica;5,0;2;15;1;2,0;0,7;10,9;3,5;3,5;;manufacturaslerez.com;False;42,451823999999995;-8,625024
Xan Metal;ChIJq6qqfjRyLw0R55hTEcGiqrQ;Carpintería metálica y de aluminio;3,4;5;6;1;2,0;0,7;11;2,5;2,5;;;True;42,4832235;-8,6117869
Manufacturas Vilaboa;ChIJNwIli7FlLw0RrynzQR8wl_0;Carpintería metálica y de aluminio;5,0;2;10;1;2,0;0,7;11,5;3,1;3,1;;;True;42,377272999999995;-8,6604362
Aluminios Campaño, S.L.U.;ChIJ22tQVOdxLw0R9Be5dn8-R-A;Carpintería metálica y de aluminio;4,0;6;13;0;0,0;0,0;8;;;;;True;42,4705878;-8,653302
Consultoría Informática Del Noroeste;ChIJz5Z-TPplLw0RksusiMhmgQc;Consultora informática;3,9;8;1;0;0,0;0,0;8;;;;cinsl.net;False;42,371834799999995;-8,7335762
Remolques Carlos;ChIJ2xIGcqF2Lw0R1x7A8Y7bjOQ;Fabricante de remolques;5,0;16;4;0;0,0;0,0;8,2;;;;;False;42,462503999999996;-8,553543
Devinox;ChIJv1XY4vFzLw0Rkecse6fLu3g;Taller de metalurgia;4,6;26;5;0;0,0;0,0;8,4;;;;devinox.es;False;42,4857732;-8,6557123
VENTANAS CORTIZO - Somos la Ventana Pontevedra;ChIJ6TCq3NhvLw0R-kBReOtmEYI;Carpintería metálica y de aluminio;4,4;66;17;0;0,0;0,0;8,8;;;;somoslaventana.com;False;42,431756899999996;-8,6627114
BMC;ChIJr9xXtH5lLw0ReGLJTOKaV00;Almacén;3,8;4;3;0;0,0;0,0;9;;;;;True;42,3724444;-8,6997656
Ferrogama;ChIJrx0wFdFoLw0ROafepB6qP-U;Carpintería metálica y de aluminio;3,8;10;4;0;0,0;0,0;9,2;;;;ferrogama.es;False;42,4187192;-8,7463106
Carpintería Martín;ChIJIUxEEgBrLw0RRItSrOCe9kA;Fábrica;;;2;0;0,0;0,0;9,5;;;;;True;42,5096464;-8,7868245
Jomasa.C.B.;ChIJa5YQjLhvLw0R-cFsMuLOqQA;Carpintería metálica y de aluminio;5,0;3;13;0;0,0;0,0;9,5;;;;carpinteriadealuminiojomasapontevedra.es;True;42,4049845;-8,6830845
Crisal S.L.;ChIJYyuxjTh3Lw0R7G1F6njFkL4;Carpintería metálica y de aluminio;4,0;6;6;0;0,0;0,0;9,8;;;;aluminioscrisal.com;True;42,408751699999996;-8,568535299999999
Devesa Yacht Carpentry;ChIJOar6xZaC_UURTTSGu424qzQ;Carpintería;;;7;0;0,0;0,0;10,1;;;;devesayachtcarpentry.com;False;42,7998731;-8,0177344
Alucalvar;ChIJE9q49fJlLw0RIhOQrlytLLE;Carpintería metálica y de aluminio;3,1;8;2;0;0,0;0,0;10,5;;;;;False;42,366715899999996;-8,7286471
Portas Novas;ChIJD2nBVMNxLw0RSVPdzv7ovHA;Fábrica de puertas;3,7;13;10;0;0,0;0,0;11;;;;;True;42,435131;-8,648854199999999
Carpintería de Aluminio Talleres Macenlle;ChIJ1YuSSPNvLw0RHJatikeVto8;Carpintería metálica y de aluminio;3,1;8;10;0;0,0;0,0;11,1;;;;talleresmacenlle.com;False;42,380328399999996;-8,683560199999999
Carpintaría San Brais;ChIJ2ZhKyzVwLw0RmQCc4Y7x07c;Tienda de armarios;4,5;8;22;0;0,0;0,0;11,2;;;;;False;42,4169392;-8,6429371
Carpinteria Inox Pontevedra S L L;ChIJvXC5wCVuLw0R5K3fNpx2rvE;Carpintería metálica y de aluminio;4,6;16;18;0;0,0;0,0;11,2;;;;carpinteriainoxpontevedra.com;False;42,4086952;-8,6407375
Rilcapur;ChIJzSBnPgBxLw0RaFtiKgzS1oU;Carpintería;;;12;0;0,0;0,0;11,3;;;;;True;42,4102934;-8,611206899999999
Afrinoxmetal Poio S.L.;ChIJWxQM6BVuLw0RP1lhen9KiJw;Fábrica de acero inoxidable;4,6;26;16;0;0,0;0,0;11,4;;;;carpinteriainoxpontevedra.es;False;42,4298365;-8,6643896
Carpintería De La Fuente e Hijos, S.L.;ChIJvXtCvYJ3Lw0RA3v0Oo4r0SQ;Carpintería;4,0;20;5;0;0,0;0,0;11,6;;;;carpinteriadelafuente.es;False;42,398871799999995;-8,5274546
DDG Metal;ChIJ5168tSxvLw0RpSlD9ir83JA;Carpintería metálica y de aluminio;5,0;3;8;0;0,0;0,0;11,8;;;;ddgmetal.es;False;42,439321299999996;-8,707029
Alumar;ChIJYYdymOtxLw0Rb3FjydrP3mE;Carpintería metálica y de aluminio;3,0;2;23;0;0,0;0,0;11,9;;;;;True;42,4439922;-8,6413414
CARPINTERIA HERMANOS CARABELOS S.L;ChIJuTfLBKtxLw0RUH7aqFHoBkc;Carpintería;5,0;1;5;0;0,0;0,0;12,2;;;;;False;42,4996553;-8,5570834
Montajes Ferfe S.l.;ChIJXXBzvTtxLw0RiHNquhBjQHQ;Empresa de construcciones metálicas;3,7;3;5;0;0,0;0,0;12,6;;;;;False;42,4379194;-8,5873968
Carpinteria Picón;ChIJmcC5PMxrLw0RS6e9p4dP-uQ;Carpintero;4,5;2;1;0;0,0;0,0;13;;;;;True;42,4618341;-8,787417099999999
CARPE CARPINTERÍA;ChIJ0YFTsc-fLw0RePIT5ZlBX2M;Carpintería;5,0;14;6;0;0,0;0,0;13;;;;m.facebook.com;False;42,450384199999995;-8,7192892
Eusebio Graña Casas;ChIJMeGs5yVuLw0RY7jV9IEe-jw;Carpintería metálica y de aluminio;;;13;0;0,0;0,0;13,5;;;;;True;42,429755199999995;-8,6660884
Aluminios Touron;ChIJIV1C7HZ3Lw0ROqFLLQnB3I8;Carpintería metálica y de aluminio;;;3;0;0,0;0,0;13,7;;;;;False;42,4029868;-8,5317406
Carpinteria Hijos de Enrique Gallego C.B.;ChIJTW7UPdh7Lw0RI17cSB1ZvNk;Carpintería;5,0;8;9;0;0,0;0,0;13,9;;;;;False;42,3516778;-8,6414598
KARPINMOURE;ChIJpQQhFMBxLw0RbO-MVEl1soU;Carpintero;;;14;0;0,0;0,0;13,9;;;;;False;42,4269603;-8,611541299999999
Carballo Metal;ChIJXTGBFmFxLw0RSVzZ1msNzq4;Carpintería metálica y de aluminio;4,3;7;2;0;0,0;0,0;14;;;;carballometal.es;False;42,500368099999996;-8,5572532
Estega | Estampaciones Técnicas de Galicia;ChIJ3zEzWs9wLw0RM6zBFOaYPcA;Fábrica de puertas;4,0;11;5;0;0,0;0,0;14;;;;estega.es;False;42,4097205;-8,5698224
Carpinteria de Madera Mauricio Pereira;ChIJ_x0Ubdk7gEYRNZ09603I0_w;Carpintería;;;1;0;0,0;0,0;14;;;;;False;42,364503;-8,4054403
Carpinteria Maderas Alvarez Raña;ChIJ9dIjBbp7Lw0RFhODRY1-l0U;Oficinas de empresa;5,0;1;1;0;0,0;0,0;14;;;;;False;42,3351143;-8,5998558
Hermetalia Aluminio y PVC;ChIJUenkxWRtLw0RaDDScxhm9m8;Carpintería metálica y de aluminio;4,4;13;5;0;0,0;0,0;14,2;;;;hermetalia.com;False;42,5072166;-8,667320499999999
Muebles Tenorio;ChIJJzelLnBxLw0Rwbn0RPsx04U;Carpintería;;;4;0;0,0;0,0;14,2;;;;mueblestenorio.es;False;42,4336281;-8,5844644
INTERIUS interiorismo;ChIJ1yAytbdxLw0RvymqEaarRIA;Interiorista;4,8;177;12;0;0,0;0,0;14,4;;;;interius.es;False;42,428543;-8,6368646
Rocha´s mobiliário;ChIJg2-UtMpxLw0RT5Vc1eyNT0k;Carpintería;4,1;9;11;0;0,0;0,0;14,5;;;;;False;42,420519999999996;-8,63851
Suministros SUINPO;ChIJb0JkRGRvLw0RQc9EFumv3Ec;Proveedor de puertas para garaje;4,9;92;7;0;0,0;0,0;14,7;;;;suinpo.com;False;42,4335661;-8,684138899999999
Centro de Formación A Aixola;ChIJ16qdOphvLw0Ry3FHEMTjZD8;Centro de formación;4,4;17;7;0;0,0;0,0;15;;;;aixola.cetmar.org;False;42,3955231;-8,693925
Bricoking Pontevedra;ChIJfwuhNvttLw0RS2jKqJzJh1s;Tienda de bricolaje;3,7;2456;6;0;0,0;0,0;15,3;;;;bricoking.es;False;42,4457899;-8,651150699999999
|Carpintería Lujo S.L.|;ChIJdcH9FjllLw0RmVZ_pWGgMh0;Carpintería;5,0;7;3;0;0,0;0,0;15,3;;;;lujocarpinteros.es;False;42,358959999999996;-8,70402
Corba;ChIJNdgqhrNxLw0RhU5CC7H9Onw;Empresa de construcción;4,0;5;5;0;0,0;0,0;15,4;;;;obrasyservicioscorba.es;False;42,407140899999995;-8,650653799999999
Global Eventos;ChIJvy4kLrFxLw0RsUQndMC9lho;Organizador de eventos;5,0;109;5;0;0,0;0,0;15,8;;;;globaleventos.es;False;42,4179138;-8,6430858
Imper Salnes S.L;ChIJr9AQmwVrLw0R2V8UtX6z3fM;Carpintería;3,4;5;1;0;0,0;0,0;16;;;;imper-salnes.com;False;42,5129193;-8,7607717
Fábrica de Muebles Luis Martínez Regueira;ChIJtdZJ43d3Lw0Rh5bMoUAoM6U;Carpintería;5,0;1;3;0;0,0;0,0;16;;;;;True;42,4005662;-8,528481
Karpinstal;ChIJgYdCNsJzLw0RELVyQ3ydGAQ;Carpintería;;;6;0;0,0;0,0;16,2;;;;;False;35,67445;-6,814299999999999
Lara Villaverde Interiorismo y Construcción;ChIJ5y9UuwQ8a6ARVRacKQxsoQk;Interiorista;5,0;13;5;0;0,0;0,0;16,2;;;;laravillaverde.com;False;42,4316323;-8,6467812
Carpintería O Con;ChIJneN9PFRlLw0RsN_g3giAxZI;Carpintería;4,8;40;4;0;0,0;0,0;16,2;;;;oconcarpinteria.es;False;42,3563419;-8,731505
Multiservicios BC Reparaciones y mantenimientos del hogar.;ChIJ90u2VZpxLw0ReFmzHAPvdBA;Reformas;4,4;34;10;0;0,0;0,0;16,3;;;;;False;42,429706599999996;-8,6393524
REMOSER obras & reformas;ChIJ77yyEyxxLw0RBRds8qooeX4;Reformas;4,7;14;11;0;0,0;0,0;16,4;;;;;False;42,4392761;-8,642065299999999
WENGUE INTERIORISMO - DESCANSO;ChIJPR04gdFxLw0Rt0o49mu1Kwg;Carpintería;5,0;4;1;0;0,0;0,0;17;;;;carpinteropontevedra.es;False;42,4253127;-8,6516486
Maquinaria Agrícola Carpintero;ChIJP5hD-ZV7Lw0Rmt1vApDA2hM;Centro de jardinería;4,3;160;1;0;0,0;0,0;17;;;;maquinaria-agricola-carpintero.com;False;42,322388499999995;-8,590447
Reparaciones y Reformas del Hogar;ChIJLeTzR41xLw0RKjpj6sqx28E;Carpintería;3,8;32;8;0;0,0;0,0;17,6;;;;ryrpontevedrasl.es;False;42,4282648;-8,6308937
Preda;ChIJbWKkTYlxLw0RBLR274aJyqw;Carpintería;4,9;8;4;0;0,0;0,0;17,8;;;;predasl.es;False;42,43449;-8,6573513
Landín;ChIJJUo-l2ttLw0RS5eH3wsMtL4;Carpintería metálica y de aluminio;;;2;0;0,0;0,0;18;;;;landinpvc.es;True;42,511592;-8,678526999999999
AMC Aluminium Manufacturing Components, S.L.;ChIJO1Fk0qhxLw0RDrEe-65PbIQ;Empresa de ingeniería civil;5,0;1;4;0;0,0;0,0;18,5;;;;amctechnik.com;False;42,4285474;-8,638467799999999
BricoCentro;ChIJVVWF2slxLw0REZx7QCGwJxI;Tienda de bricolaje;3,9;1095;3;0;0,0;0,0;18,7;;;;bricocentropontevedra.es;False;42,4275988;-8,6387725
Aguete Carpintería;ChIJy5HqNINvLw0RwpybrztwmJc;Carpintero;5,0;1;3;0;0,0;0,0;18,7;;;;;False;42,3873737;-8,7000225
Carpinteria perez oubiña;ChIJNZwiRdESLw0RN8At11OyPyk;Carpintería;5,0;3;2;0;0,0;0,0;19;;;;;True;42,538852999999996;-8,6977295
Carpidecor Salnes, S.L.;ChIJZQxpaldrLw0RIV2wAwWDeKE;Carpintería;2,3;3;1;0;0,0;0,0;19;;;;;True;42,521348599999996;-8,750321999999999
Carpinteria Carbre;ChIJTQJ3O890Lw0RK68m5dFY9Rw;Carpintería;4,3;6;1;0;0,0;0,0;19;;;;;False;42,5370773;-8,5436592
olicarp;ChIJP9PsScyFJQ0RNfZAtPLe5fU;Carpintería;;;3;0;0,0;0,0;19;;;;olicarp.com;False;42,3508554;-8,6176227
Carpintería Barcia S.L.;ChIJ9Uvf5Np7Lw0RAFXpG1GriRw;Carpintería metálica y de aluminio;;;1;0;0,0;0,0;19;;;;;True;42,3354512;-8,5811311
Carpinteria de Madera Mauricio Pereira;ChIJKQCNsuZlLw0Rm5XKNShGjI0;Carpintería;;;1;0;0,0;0,0;20;;;;;False;42,348647199999995;-8,7375167
