place_id;name;primary_category;secondary_categories;n_photos;has_posts;total_reviews;avg_rating;owner_response_rate;has_services;has_qa;attributes_count;last_review_age_days;review_velocity_month;website;description;has_hours;unclaimed;cells_top;solv_pct
ChIJQ9B8LOpxLw0RYa3vfoSNuf0;CARPINTERIA MARTINEZ PAZ S.L.;Carpintero;;;;11;3,5;0;;;0;352;0,1;;;False;False;13;23,8
ChIJzzMCzR9yLw0R4JFO9Ww_khM;Carpintería Abilleira;Carpintería;;;;0;;;;;0;;0,0;;;False;False;12;23,1
ChIJMZHn8cVxLw0R-Qfq3wlOwmU;GRUPO ARTA;Carpintería;Fábrica de puertas | Tienda de muebles | Tienda de muebles de cocina;;;59;4,4;86;;;3;120;0,8;http://www.grupoarta.com/;;True;False;7;10,9
ChIJE3PNtH5lLw0RTN-0OHxP_zU;Carpintería Ceyeda, S.L.U.;Carpintería;Fábrica de muebles;;True;12;5;0;;;7;140;0,2;http://www.ceyeda.com/;;True;False;6;10,9
ChIJQzhLf_1vLw0RwtEriCQBgxM;Amengo - Ebanistería, mueblería y carpintería al detalle.;Ebanista;;;;36;5;100;;;0;119;1,0;https://www.instagram.com/carpinteria_amengo_manacho/;;True;False;6;9,5
ChIJOxjzGbFxLw0RsbtzDZKnDBM;Carpintería y Ebanistería Leins;Carpintero;Tienda de mobiliario para dormitorios | Ebanista | Tienda de armarios | Proveedor de puertas | Carpintería | Tienda de muebles de cocina | Servicio de instalación de suelos de madera;;True;8;4;0;;;0;701;0,0;http://www.carpinteriaebanisterialeins.com/;;True;False;8;8,8
ChIJ8eX2W-lvLw0R959xr2Drlfc;Carpintería Osvaldo Romero;Carpintería;;;;0;;;;;1;;0,0;http://www.osvaldoromerocarpinteria.es/;;True;False;6;7,5
ChIJ3UAqMuZlLw0RVHPfmzD3Ku8;Alberto Parada;Carpintero;;;;3;5;0;;;0;1353;0,0;https://sites.google.com/view/carpinteriaparada/inicio;;True;False;4;7,5
ChIJvyy5HLZxLw0RT2DnmJwAFcA;Manufacturas Madereras Xeve;Fábrica;;;;33;4,6;64;;;2;48;0,4;http://www.maderasxeve.com/;;True;False;5;6,8
ChIJpwFoKQxwLw0RQSqDysT39RQ;Hermanos Garrido S.l.;Ebanista;;;;9;4,2;0;;;0;722;0,0;http://www.chgarrido.com/;;False;True;5;6,8
ChIJ6____xtwLw0RQuHRDDBgQec;Carpimoble;Carpintería;Tienda de armarios | Carpintero | Fábrica de muebles | Tienda de muebles;;True;93;4,5;24;;;3;9;0,7;https://www.carpimoble.es/;;True;False;6;6,1
