name;place_id;domain;categories;cities_seen;n_cities;pack_positions;avg_rating;total_reviews;organic_positions;address;phone;lat;lng;website
Carpintería Angel Otero;ChIJhUROc0T-Lg0RnCoPq5JGDFM;carpinteriaangelotero.com;Carpintería | Servicio de restauración de muebles antiguos | Ebanista | Carpintero | Fábrica de muebles | Taller de instalación de puertas y ventanas | Servicio de instalación de suelos de madera;Santiago de Compostela;1;Santiago de Compostela: 1;4,8;122;;Rúa Ponte Munín, N⁰14, 15893 Santiago de Compostela, A Coruña;696 94 33 13;42,8526801;-8,5297267;https://carpinteriaangelotero.com/
Carpintería Ceyeda, S.L.U.;ChIJE3PNtH5lLw0RTN-0OHxP_zU;ceyeda.com;Carpintería | Fábrica de muebles;Pontevedra;1;Pontevedra: 1;5,0;12;;La Reigosa, 24, 36828 Ponte Caldelas, Pontevedra;986 70 88 01;42,4042902;-8,5723174;http://www.ceyeda.com/
Carpinteria Guarque S.L.;ChIJWUrTKECjpBIRsebf2K8s3EY;carpinteriaguarque.es;Carpintería | Fábrica de muebles | Tienda de muebles de cocina | Establecimiento de venta de madera | Carpintero;Barcelona;1;Barcelona: 1;5,0;257;;Carrer de l'Amistat, 25, Sant Martí, 08005 Barcelona;932 25 36 65;41,4005301;2,205829;http://www.carpinteriaguarque.es/
Carpintería Javier Serrano;ChIJVxhHCMknQg0R6IUoP8MEoSY;carpinteriajavierserrano.com;Exposición | Tienda de armarios | Fábrica de puertas | Fábrica de muebles;Madrid Centro;1;Madrid Centro: 1;4,7;186;;C. del Laurel, 7, Arganzuela, 28005 Madrid;692 18 35 18;40,4035529;-3,7050663999999998;https://www.carpinteriajavierserrano.com/
Carpintería Gregorio Rodríguez;ChIJf9yICvNPYA0R3QX2srpxZUU;;Carpintería;Valencia;1;Valencia: 1;4,7;15;;Plaça de Patraix, 2, Patraix, 46018 València, Valencia;667 25 77 84;39,4624532;-0,3918814;
Carpintería Fernández;ChIJRW3OIOL_Lg0RjSEmXZxmegw;carpinteriafernandez.es;Carpintero;Santiago de Compostela;1;Santiago de Compostela: 2;4,4;7;;Calle Coto da Nai, 52, Bajo, 15892 Santiago de Compostela, A Coruña;649 47 44 07;42,8605187;-8,500374299999999;https://www.carpinteriafernandez.es/
Carpimoble;ChIJ6____xtwLw0RQuHRDDBgQec;carpimoble.es;Carpintería | Tienda de armarios | Carpintero | Fábrica de muebles | Tienda de muebles;Pontevedra;1;Pontevedra: 2;4,5;93;;Parque Empresarial O Campiño, Monte do Louredo, 2, Parcela A2 (Polígono Industrial, 36158 Marcón, Pontevedra;630 11 77 84;42,4102554;-8,5900363;https://www.carpimoble.es/
Carpinteria Jesadi;ChIJbTQiLwuZpBIRd16B2Tl2eFQ;carpinteria.solucionamedida.com;Carpintero;Barcelona;1;Barcelona: 2;4,9;110;;Carrer de Barcelona, 157, 08901 L'Hospitalet de Llobregat, Barcelona;661 81 91 76;41,359939999999995;2,09719;https://carpinteria.solucionamedida.com/carpinteria-jesadi.html
Carpintería Cruz;ChIJVykxfRAnQg0R4HtjlV9JXz4;carpinteriacruz.com;Carpintero;Madrid Centro;1;Madrid Centro: 2;4,7;94;;Calle del Dr Sánchez, 37, Puente de Vallecas, 28018 Madrid;665 01 20 91;40,3820544;-3,6661002;https://carpinteriacruz.com/
El taller de Miguel | Carpintería;ChIJay2ibFFFYA0RiszFjx9CsD0;;Carpintería;Valencia;1;Valencia: 2;4,9;22;;C/ del Comte de Torrefiel, 24, Rascaña, 46019 València, Valencia;627 41 29 66;39,4932034;-0,37586149999999996;
Carpinteros K27;ChIJCV9mpbPPgYUReCnp_ZAn-Do;carpinterosk27.es;Carpintería;Santiago de Compostela;1;Santiago de Compostela: 3;5,0;5;;R. de Montero Rios, 48, 15701 Santiago de Compostela, A Coruña;634 06 21 09;42,8754833;-8,549119899999999;https://www.carpinterosk27.es/
CARPINTERIA MARTINEZ PAZ S.L.;ChIJQ9B8LOpxLw0RYa3vfoSNuf0;;Carpintero;Pontevedra;1;Pontevedra: 3;3,5;11;;RÚA CANCELA, 9, 36143 Pontevedra;986 84 76 25;42,3990268;-8,6375054;
Carpintería - SAVIA Mobles;ChIJLeDMm9WZpBIR1x4Eu7rtV8I;saviamobles.com;Carpintería;Barcelona;1;Barcelona: 3;5,0;89;;Carrer de la Renclusa, 29, 08905 L'Hospitalet de Llobregat, Barcelona;600 22 32 76;41,370763499999995;2,1064974999999997;http://www.saviamobles.com/
Carpintería José Miguel Prieto;ChIJkV57f1MoQg0R9tfnZJx1Wg4;ebanisteriajoseprieto.com;Carpintero;Madrid Centro;1;Madrid Centro: 3;4,1;24;;C. de San Valeriano, 11, Loc 4, Tetuán, 28039 Madrid;914 59 99 30;40,4508976;-3,7081945999999997;http://www.ebanisteriajoseprieto.com/
Carpintería Escribano;ChIJmZMhdfdFYA0Rcml2JmUr-lg;;Carpintería;Valencia;1;Valencia: 3;4,6;12;;C/ de l'Enginyer la Cierva, 15, Bajo - B, La Zaidía, 46009 València, Valencia;623 81 48 20;39,4880771;-0,3853137;
