city;position;name;category;rating;reviews;domain;address;phone;place_id;lat;lng;website
Santiago de Compostela;1;Carpintería Angel Otero;Carpintería;4,8;122;carpinteriaangelotero.com;Rúa Ponte Munín, N⁰14, 15893 Santiago de Compostela, A Coruña;696 94 33 13;ChIJhUROc0T-Lg0RnCoPq5JGDFM;42,8526801;-8,5297267;https://carpinteriaangelotero.com/
Santiago de Compostela;2;Carpintería Fernández;Carpintero;4,4;7;carpinteriafernandez.es;Calle Coto da Nai, 52, Bajo, 15892 Santiago de Compostela, A Coruña;649 47 44 07;ChIJRW3OIOL_Lg0RjSEmXZxmegw;42,8605187;-8,500374299999999;https://www.carpinteriafernandez.es/
Santiago de Compostela;3;Carpinteros K27;Carpintería;5,0;5;carpinterosk27.es;R. de Montero Rios, 48, 15701 Santiago de Compostela, A Coruña;634 06 21 09;ChIJCV9mpbPPgYUReCnp_ZAn-Do;42,8754833;-8,549119899999999;https://www.carpinterosk27.es/
Santiago de Compostela;4;Carpintería Educa;Carpintería metálica y de aluminio;5,0;1;;Rúa de Santiago de Chile, 14, 15701 Santiago de Compostela, A Coruña;981 59 55 20;ChIJrVVReBX-Lg0RARamUE9eASI;42,8723011;-8,5507955;
Santiago de Compostela;5;Carpintería Milsa;Oficinas de empresa;4,1;9;;Marrociños, 15893 Santiago de Compostela, A Coruña;;ChIJs_8XFxQALw0RqbKFyr33sPs;42,8439725;-8,5017972;
Santiago de Compostela;6;Carpintería Márquez Vilela;Carpintería;3,8;28;marquezyvilela.es;Pol. Ind. Nuevo, Calle Das Palmeiras, 65 -A (Pol Ind Nuevo Milladoiro 15895, Rúa das Palmeiras, 65, 15895 O Milladoiro, A Coruña;981 93 79 14;ChIJ6enpaRcCLw0RwEmPyayO49c;42,8525947;-8,584755;https://www.marquezyvilela.es/
Santiago de Compostela;7;Mosquera (Santiago de Compostela);Carpintería metálica y de aluminio;4,3;7;;Rúa Casas Hedra, 13, 15707 Santiago de Compostela, A Coruña;981 58 75 70;ChIJYcO2R03-Lg0ReuF0fGkTXBc;42,877745;-8,5271827;
Santiago de Compostela;8;Carpintería Tejo;Carpintería;;;carpinteriatejo.es;Senande, 89 (Sanxoás) - ARINS, 15892 Santiago de Compostela, A Coruña;629 82 16 82;ChIJEcxVkv3_Lg0RGxEDUun7jks;42,8755246;-8,5033821;https://www.carpinteriatejo.es/
Santiago de Compostela;9;Barcala Carpinteiros Sl;Carpintero;5,0;4;;C. de, Rúa de Alfredo Brañas, 23, 15701 Santiago de Compostela, A Coruña;;ChIJn5R3dT_-Lg0RmsrpiZ6ovoA;42,8738167;-8,5473351;
Santiago de Compostela;10;Casal Carpinteros;Oficinas de empresa;5,0;3;;Av. de Lugo, 169, 15703 Santiago de Compostela, A Coruña;600 40 04 69;ChIJzRNT4pr_Lg0R-5xivAluZ5w;42,8788397;-8,5337253;
Santiago de Compostela;11;Maderas Muvar;Carpintería;4,2;17;muvar.es;Rúa do Cruceiro da Coruña, 197, 15898 Santiago de Compostela, A Coruña;981 56 80 00;ChIJ-WUDghP_Lg0RLGNfFNstJ1Q;42,906685499999995;-8,514375099999999;https://www.muvar.es/
Santiago de Compostela;12;Pérez Taboada;Carpintería metálica y de aluminio;5,0;17;cmpereztaboada.com;Rúa do Cotón, 25, 15706 Santiago de Compostela, A Coruña;635 07 65 68;ChIJCYd34An-Lg0RlDuIcjJS7FE;42,8668853;-8,5720156;https://www.cmpereztaboada.com/
Santiago de Compostela;13;Pau Pau Obradoiros de Carpintería;Centro de formación;;;instagram.com;R. de Frei Rosendo Salvado, 21, 15701 Santiago de Compostela, A Coruña;644 48 43 55;ChIJPVbCXwD_Lg0R9bUzgvm1ZlI;42,8721416;-8,551292799999999;https://www.instagram.com/paupau.obradoiros/
Santiago de Compostela;14;MÓDULO carpintería y diseño;Carpintero;;;instagram.com;Rúa de Santiago de Guayaquil, 15702 Santiago de Compostela, A Coruña;660 18 26 53;ChIJZU7gRSz_Lg0RhlALX5cIA6g;42,8743226;-8,5436406;https://www.instagram.com/mo_modulo?igsh=anVkYTkyeno4eHU4
Santiago de Compostela;15;Carpintería Rodeiro;Carpintero;5,0;1;carpinteriarodeiro.es;As Buceleiras 14, 15895 Bugallido, A Coruña;619 67 94 20;ChIJ3ZXJNoQCLw0RNH1-cKm03o4;42,8447326;-8,622214699999999;http://carpinteriarodeiro.es/
Santiago de Compostela;16;Aluminios Cabeal;Carpintería metálica y de aluminio;3,6;33;cabeal.es;Pol. Del Tambre, Vial de Faraday, 1, 15890 Santiago de Compostela, A Coruña;981 93 63 50;ChIJre8RbR__Lg0RQ9i6UIgUQrg;42,910793399999996;-8,5126276;https://www.cabeal.es/
Santiago de Compostela;17;Aluminios Jesús Freire Miramontes;Carpintería metálica y de aluminio;5,0;7;;Castro, 17, 15890 Santiago de Compostela, A Coruña;699 10 13 72;ChIJt-i3VD__Lg0RdR7g7QPbVXI;42,8942725;-8,485254099999999;
Santiago de Compostela;18;Maderas Muvar S.L. Carpinteria;Establecimiento de venta de madera;5,0;1;;Via Isaac Peral, 24, 15898 Santiago de Compostela, A Coruña;;ChIJ7zOdnxT_Lg0RvsXMpxtI-Ug;42,911848299999996;-8,5076171;
Santiago de Compostela;19;Focus Interior Spaces;Carpintería;5,0;5;focusinteriorspaces.com;Rúa Hedras, 6, Loft 0i, 15895 O Milladoiro, A Coruña;;ChIJmWqFFoWrLw0RsHaxUESX5sg;42,8546206;-8,5845503;https://focusinteriorspaces.com/
Santiago de Compostela;20;Tocandomadera;Carpintería;4,8;11;tocandomadera.es;;644 54 14 15;ChIJ87ARLbB1Lg0RE5wPM0m71G0;42,8351934;-8,5864361;http://www.tocandomadera.es/
Pontevedra;1;Carpintería Ceyeda, S.L.U.;Carpintería;5,0;12;ceyeda.com;La Reigosa, 24, 36828 Ponte Caldelas, Pontevedra;986 70 88 01;ChIJE3PNtH5lLw0RTN-0OHxP_zU;42,4042902;-8,5723174;http://www.ceyeda.com/
Pontevedra;2;Carpimoble;Carpintería;4,5;93;carpimoble.es;Parque Empresarial O Campiño, Monte do Louredo, 2, Parcela A2 (Polígono Industrial, 36158 Marcón, Pontevedra;630 11 77 84;ChIJ6____xtwLw0RQuHRDDBgQec;42,4102554;-8,5900363;https://www.carpimoble.es/
Pontevedra;3;CARPINTERIA MARTINEZ PAZ S.L.;Carpintero;3,5;11;;RÚA CANCELA, 9, 36143 Pontevedra;986 84 76 25;ChIJQ9B8LOpxLw0RYa3vfoSNuf0;42,3990268;-8,6375054;
Pontevedra;4;Hermanos Garrido S.l.;Ebanista;4,2;9;chgarrido.com;Rúa Cruceiro, 45, 36143 Pontevedra;986 84 76 85;ChIJpwFoKQxwLw0RQSqDysT39RQ;42,4059041;-8,6504978;http://www.chgarrido.com/
Pontevedra;5;Carpintería y Ebanistería Leins;Carpintería;4,0;8;carpinteriaebanisterialeins.com;Rúa Doutor Loureiro Crespo, 64, 36004 Pontevedra;620 25 27 93;ChIJOxjzGbFxLw0RsbtzDZKnDBM;42,4282648;-8,6308937;http://www.carpinteriaebanisterialeins.com/
Pontevedra;6;GRUPO ARTA;Carpintería;4,4;59;grupoarta.com;Av. de Vigo, 67, bajo derecha, 36003 Pontevedra;886 30 45 13;ChIJMZHn8cVxLw0R-Qfq3wlOwmU;42,4202175;-8,638838999999999;http://www.grupoarta.com/
Pontevedra;7;Carpintería Abilleira;Carpintería;;;;Aldea Touceda, 1, 36157 Pontevedra;660 82 76 78;ChIJzzMCzR9yLw0R4JFO9Ww_khM;42,4606224;-8,6406686;
Pontevedra;8;CARPINTERIA CARVEDRA;Carpintería metálica y de aluminio;4,3;3;carvedra.com;Rúa de Santa Margarida, 11, 36162 Pontevedra;636 17 49 32;ChIJ3Ts7dTZxLw0RleB50dFVaR8;42,4379047;-8,6254583;http://www.carvedra.com/
Pontevedra;9;Carpinteria de Madera Puga;Carpintería;5,0;1;;Lugar Reigosa, 129, 36828 Ponte Caldelas, Pontevedra;986 75 70 16;ChIJs2uMpjV3Lw0RpUceXzY2Fd8;42,4082556;-8,5690476;
Pontevedra;10;Manufacturas Madereras Xeve;Fábrica;4,6;33;maderasxeve.com;36151 Gatomorto, Pontevedra;986 87 94 26;ChIJvyy5HLZxLw0RT2DnmJwAFcA;42,4617691;-8,6048717;http://www.maderasxeve.com/
Pontevedra;11;Carpinox;Fábrica de acero inoxidable;4,8;4;;36910, Pontevedra;609 90 45 96;ChIJiUGB0bhvLw0Ri4fann-jhWQ;42,4022028;-8,6852406;
Pontevedra;12;Maderas Pazos s.l.;Establecimiento de venta de madera;4,5;64;maderaspazos.com;Rúa San Mauro, 75, 36004 Pontevedra;986 85 27 60;ChIJmfGTp65xLw0RlMzpbHqV8-A;42,4271038;-8,622005;http://www.maderaspazos.com/
Pontevedra;13;Macen Mart S.L.;Carpintería metálica y de aluminio;4,5;2;;Camiño Xalouriño, 12, 36995 O Sartal, Pontevedra;986 77 08 33;ChIJz2hoaN5tLw0RSZmoTMGLqgU;42,4597972;-8,686036399999999;
Pontevedra;14;Carpinteria Inox Pontevedra S L L;Carpintería metálica y de aluminio;4,6;16;carpinteriainoxpontevedra.com;Cabanas salcedo S/N, 36143, Pontevedra;986 84 77 26;ChIJvXC5wCVuLw0R5K3fNpx2rvE;42,4086952;-8,6407375;https://carpinteriainoxpontevedra.com/
Pontevedra;15;Carpintaría San Brais;Tienda de armarios;4,5;8;;Rúa de San Brais, 17, 36160 Pontevedra;;ChIJ2ZhKyzVwLw0RmQCc4Y7x07c;42,4169392;-8,6429371;
Pontevedra;16;Mouriño Y Barreiro s.l.;Carpintería metálica y de aluminio;4,3;6;;Polig. a Granxa do Bao, parcela 31, 36157 Pontevedra;650 48 04 38;ChIJhxBIZ_pzLw0RoVkSE6QOOec;42,443869899999996;-8,6516156;
Pontevedra;17;Aluminios J.B. Tenorio, S.L.;Carpintería metálica y de aluminio;4,3;11;aluminiosjbtenorio.es;Lugar Cons, 15, 36164 Pontevedra;986 85 91 01;ChIJ__oMEK5xLw0Rghc8tW_tR84;42,44612;-8,61185;https://www.aluminiosjbtenorio.es/
Pontevedra;18;Montecelo;Carpintería metálica y de aluminio;4,2;18;;Av. Montecelo, 25, 36164 Mourente, Pontevedra;639 82 36 89;ChIJ6fqdEghxLw0R8yVdm0rngVk;42,433168599999995;-8,6146538;
Pontevedra;19;Peón;Carpintería metálica y de aluminio;4,2;6;;Calle Gandarela, 1 BAJO, 36153 Gandarela, Pontevedra;986 85 92 07;ChIJxVBDX9BxLw0Ri_2Q082IWRw;42,4164257;-8,6656084;
Pontevedra;20;Manufacturas del Lerez;Fábrica;5,0;2;manufacturaslerez.com;A Piolla, 9A, Lerez, 36156 Pontevedra;986 87 11 42;ChIJ0-8ldodxLw0RJgf0R20VKy4;42,451823999999995;-8,625024;http://www.manufacturaslerez.com/
Barcelona;1;Carpinteria Guarque S.L.;Carpintería;5,0;257;carpinteriaguarque.es;Carrer de l'Amistat, 25, Sant Martí, 08005 Barcelona;932 25 36 65;ChIJWUrTKECjpBIRsebf2K8s3EY;41,4005301;2,205829;http://www.carpinteriaguarque.es/
Barcelona;2;Carpinteria Jesadi;Carpintero;4,9;110;carpinteria.solucionamedida.com;Carrer de Barcelona, 157, 08901 L'Hospitalet de Llobregat, Barcelona;661 81 91 76;ChIJbTQiLwuZpBIRd16B2Tl2eFQ;41,359939999999995;2,09719;https://carpinteria.solucionamedida.com/carpinteria-jesadi.html
Barcelona;3;Carpintería - SAVIA Mobles;Carpintería;5,0;89;saviamobles.com;Carrer de la Renclusa, 29, 08905 L'Hospitalet de Llobregat, Barcelona;600 22 32 76;ChIJLeDMm9WZpBIR1x4Eu7rtV8I;41,370763499999995;2,1064974999999997;http://www.saviamobles.com/
Barcelona;4;Carpintería Rodríguez;Carpintero;4,6;30;fusteriarodriguez.com;Av. Ponent, 13, 08905 L'Hospitalet de Llobregat, Barcelona;616 49 79 03;ChIJq56MgeWYpBIR5f3EBXTcdnQ;41,3692406;2,1152580999999997;http://www.fusteriarodriguez.com/
Barcelona;5;Carpintería Ángel Ramajo Garcia;Carpintería;4,1;22;;Carrer de la Volta d'en Colomines, 4, Ciutat Vella, 08003 Barcelona;933 19 86 82;ChIJgd4ESvmipBIR3TXTbnZYT6U;41,384476299999996;2,1792086999999998;
Barcelona;6;Arreglos carpintería;Carpintero;4,9;154;instagram.com;Para visitas a esta dirección contactar antes, Carrer de la Diputació, 329, Bajos, 08009 Barcelona;613 00 79 94;ChIJLQSJk1ijpBIRpiV7LH2MICA;41,3939741;2,1716257;https://instagram.com/arreglos_carpinteria_domicilio?igshid=YmMyMTA2M2Y=
Barcelona;7;Carpintería El Madero Barcelona;Carpintería;4,7;11;;Carrer del Dos de Maig, 315, Eixample, 08025 Barcelona;623 42 77 43;ChIJpbsZGByjpBIRYZaEaFK2jUQ;41,411262799999996;2,1760541;
Barcelona;8;Carpintería Emilio Campos;Carpintería;2,4;15;;Carrer de Montjuïc del Carme, 6, Ciutat Vella, 08001 Barcelona;933 17 88 30;ChIJSzW2e_aipBIRYYiO06AIpRE;41,382854599999995;2,1700293999999998;
Barcelona;9;Decomad - Carpinteria ebanisteria;Carpintería;4,3;7;decomad.es;Carrer del Tigre, 4, Ciutat Vella, 08001 Barcelona;629 26 09 33;ChIJZ59vLvWipBIR5fM0qx5z3NI;41,3829035;2,1650142999999997;http://decomad.es/
Barcelona;10;Carpintería Ortega e Hijos;Carpintero;3,9;12;ortegacarpinteros.com;C. de Tenerife, 73, Horta-Guinardó, 08024 Barcelona;932 19 17 45;ChIJcyKlx7WipBIR5uWwa0A63rI;41,4170811;2,1629397999999997;http://ortegacarpinteros.com/
Barcelona;11;Carpintería Barreros;Carpintería metálica y de aluminio;3,5;11;;Carrer del Comerç, 32, 08902 Barcelona;933 31 82 94;ChIJo8J2sJSYpBIRQhmUqi4ztv4;41,365835399999995;2,1259823;
Barcelona;12;Carpintería Londres;Carpintería;4,0;59;fusterialondres.com;Carrer de Londres, 92, Eixample, 08036 Barcelona;932 00 79 96;ChIJkUjrdpuipBIRFTDeXukDdq8;41,3934261;2,1508739;http://www.fusterialondres.com/
Barcelona;13;Carpintería Rubio;Carpintero;3,1;18;fusteriarubio.com;Carrer de la Ciutat de Balaguer, 49, Sarrià-Sant Gervasi, 08022 Barcelona;655 94 24 64;ChIJxznOYxKYpBIRh6f-McejWsc;41,404184699999995;2,1343215;https://fusteriarubio.com/
Barcelona;14;Nusiveta Fusteria;Carpintería;5,0;48;nusiveta.com;Carrer de Bolívar, 11, Gràcia, 08023 Barcelona;618 22 33 66;ChIJBTQigJijpBIRvImpYSh3nTY;41,4092674;2,1474667;http://www.nusiveta.com/
Barcelona;15;Carpintería de aluminio Hnos Jurado - Tienda Gràcia;Servicio de instalación de ventanas;4,9;221;hnosjurado.com;Carrer Gran de Gràcia, 244, Gràcia, 08012 Barcelona;934 15 57 26;ChIJgePg6qOipBIRhVc-E9My1xQ;41,4051204;2,1511443;https://hnosjurado.com/
Barcelona;16;Tu Carpintería Barcelona;Carpintería metálica y de aluminio;4,6;24;tucarpinteriabcn.com;C.de les Camèlies, 71, Horta-Guinardó, 08024 Barcelona;622 04 60 70;ChIJq8a9y8KjpBIR7qhZ2o9kxOo;41,4134242;2,1630026;https://tucarpinteriabcn.com/
Barcelona;17;Carpinteria Ebanisteria Sergio Francos;Carpintero;3,2;30;laguia.es;Carrer dels Comtes de Bell-Lloc, 206, Les Corts, 08014 Barcelona ‎, Barcelona;934 90 12 19;ChIJv0npK2OYpBIRZGlTbofbWks;41,384217799999995;2,1349500999999997;http://www.laguia.es/empresas/carpinteria+ebanisteria+barcelona+sergiio+francos/
Barcelona;18;Fusteria Pagà;Establecimiento de venta de madera;4,6;82;fusteriapaga.com;Carrer d'en Grassot, 95, Gràcia, 08025 Barcelona;932 07 06 88;ChIJJcmRiMCipBIRY6yzBLjV3BY;41,405237199999995;2,1651435;http://fusteriapaga.com/
Barcelona;19;Carpintería Navarro;Carpintería;4,4;14;carpinteria-navarro.es;Carrer de Pere Pelegrí, 41, Bajos, 08906 L'Hospitalet de Llobregat, Barcelona;660 68 89 24;ChIJ1Z4xuxuZpBIRr_vzssVokQY;41,368972199999995;2,0992086;https://www.carpinteria-navarro.es/
Barcelona;20;Carpintería Antonio Barreno;Carpintero;4,8;24;carpinteriaantoniobarreno.com;Carrer de Premià, 21, TDA, Sants-Montjuïc, 08014 Barcelona;934 21 22 03;ChIJnVCsOoSYpBIRBJeMLNKnIa0;41,37665;2,13904;http://www.carpinteriaantoniobarreno.com/
Madrid Centro;1;Carpintería Javier Serrano;Exposición;4,7;186;carpinteriajavierserrano.com;C. del Laurel, 7, Arganzuela, 28005 Madrid;692 18 35 18;ChIJVxhHCMknQg0R6IUoP8MEoSY;40,4035529;-3,7050663999999998;https://www.carpinteriajavierserrano.com/
Madrid Centro;2;Carpintería Cruz;Carpintero;4,7;94;carpinteriacruz.com;Calle del Dr Sánchez, 37, Puente de Vallecas, 28018 Madrid;665 01 20 91;ChIJVykxfRAnQg0R4HtjlV9JXz4;40,3820544;-3,6661002;https://carpinteriacruz.com/
Madrid Centro;3;Carpintería José Miguel Prieto;Carpintero;4,1;24;ebanisteriajoseprieto.com;C. de San Valeriano, 11, Loc 4, Tetuán, 28039 Madrid;914 59 99 30;ChIJkV57f1MoQg0R9tfnZJx1Wg4;40,4508976;-3,7081945999999997;http://www.ebanisteriajoseprieto.com/
Madrid Centro;4;El Taller del Carpintero;Fábrica de muebles;4,7;14;eltallerdelcarpintero.es;C/ de Donoso Cortés, 62, Chamberí, 28015 Madrid;636 48 68 48;ChIJu2fWzlwoQg0RAzF4JfyLjh4;40,4364524;-3,7125415;http://www.eltallerdelcarpintero.es/
Madrid Centro;5;Ebanistería Carpintería Molina. Muebles a medida;Fábrica de muebles;4,8;16;;C. Pico de los Artilleros, 83, Moratalaz, 28030 Madrid;722 69 39 14;ChIJ0R3NGp0TuS8RI9SABttOPMI;40,4039265;-3,6420462;
Madrid Centro;6;Ebanistería Carpintería Ballesteros S.L.U.;Carpintero;3,5;11;ebanisteriaballesteros.com;C. de Eraso, 31, Salamanca, 28028 Madrid;917 25 68 31;ChIJk3lv0skoQg0ReUhRtZcTm7k;40,4349133;-3,6697436999999997;http://www.ebanisteriaballesteros.com/
Madrid Centro;7;Puertas Carlos Puebla. Carpintería de madera a medida. Armarios a medida.;Carpintería;4,1;30;puertascarlospuebla.es;C. de Caunedo, 5, San Blas-Canillejas, 28037 Madrid;913 20 05 84;ChIJaRB9ZBMvQg0Rl_sA-BOPgRY;40,437084399999996;-3,6366180999999997;http://www.puertascarlospuebla.es/
Madrid Centro;8;Carpintería José Javier Sánchez;Carpintero;4,4;7;;C. Luis Feito, 26, Loc, Latina, 28047 Madrid;670 71 14 86;ChIJ9_gJkx-IQQ0RoA84vekVMJo;40,3919863;-3,7448685999999998;
Madrid Centro;9;Carpinteria y Reforma En General L.A;Carpintería;3,7;6;;C. de Carlos Martín Álvarez, 34, Puente de Vallecas, 28018 Madrid;603 47 79 51;ChIJ5ToEUfYHdIQR9ADUr8wuaV8;40,3897365;-3,663554;
Madrid Centro;10;Carpintería, Hnos. Cabello C.B;Ebanista;4,0;6;carpinteroshermanoscabello.com;C. de Ricardo Ortiz, 50, Cdad. Lineal, 28017 Madrid;678 67 79 16;ChIJ45Hf6k0vQg0RKfqs1u9QBnI;40,4259092;-3,6587364;http://carpinteroshermanoscabello.com/
Madrid Centro;11;Carpinteria Tradicional Antonio Sanchez;Carpintería;4,6;9;carpinteriatradicional.com;C. Abejuela, 3, Loc Izquierdo, Latina, 28047 Madrid;662 06 27 75;ChIJ58mBIyCIQQ0R3MvCrILJv3M;40,3907364;-3,745174;https://carpinteriatradicional.com/
Madrid Centro;12;Carpintería la Navarra S. L.;Carpintería;3,8;4;lanavarra.es;Cl. de Don Quijote, 10, Tetuán, 28020 Madrid;915 33 52 21;ChIJz8VDP_koQg0Rp1LnafP1UMk;40,4476175;-3,6991183;http://www.lanavarra.es/
Madrid Centro;13;Ebanistería Ramírez;Carpintería;4,3;26;instagram.com;C. de Maqueda, 17, Latina, 28024 Madrid;630 40 40 31;ChIJyaAjzRSIQQ0RW7DmFXM9gMM;40,393800999999996;-3,7637604999999996;https://instagram.com/ebanisteria_ramirez?igshid=YTQwZjQ0NmI0OA==
Madrid Centro;14;Carpinteria Madosa;Carpintero;4,1;12;;C. de la Hermandad, 9, Carabanchel, 28025 Madrid;915 25 01 17;ChIJp-FYKJcnQg0RuXjYZlehqJY;40,3839749;-3,7277305999999997;
Madrid Centro;15;Carpintería Ebanistería Gómez de Bejerano;Carpintero;3,0;6;;C. Abejuela, 3, Latina, 28047 Madrid;630 54 31 61;ChIJ58mBIyCIQQ0RgaQ64hgVLMQ;40,3907017;-3,7451862;
Madrid Centro;16;Carpintería Ebanistería Nuevo Futuro;Carpintería;;;;C. de Manuel Badía, 17, Puente de Vallecas, 28018 Madrid;626 27 25 43;ChIJy_eX8pklQg0RJEQEk6UAKio;40,3854644;-3,651132;
Madrid Centro;17;Carpintería Dimarca;Fábrica de puertas;3,1;21;;C. de Virgen de Lluc, 98, Cdad. Lineal, 28027 Madrid;610 25 93 04;ChIJmX1jPT8vQg0RV5yXXu7dBJA;40,4368646;-3,6458488;
Madrid Centro;18;Carpintería Ebanistería David Mellén;Carpintería;3,5;2;;C. del Río Bravo, 8, Puente de Vallecas, 28018 Madrid;917 77 91 30;ChIJZQgdw8QlQg0Rr2ZvxrOYw6M;40,3875094;-3,6522839;
Madrid Centro;19;MK Ebanistería;Ebanista;4,3;28;mkebanisteria.com;C. de Cebreros, 101, Latina, 28011 Madrid;652 38 61 72;ChIJW-GubnkoQg0RFdWC5tGEDuo;40,402215399999996;-3,7534479999999997;https://www.mkebanisteria.com/
Madrid Centro;20;Carpintería premium;Empresa de construcción;;;;C. del Castillo de Simancas, San Blas-Canillejas, 28037 Madrid;631 47 09 10;ChIJ61HLqxwvQg0RCGm--djsoWA;40,4291558;-3,6268808;
Valencia;1;Carpintería Gregorio Rodríguez;Carpintería;4,7;15;;Plaça de Patraix, 2, Patraix, 46018 València, Valencia;667 25 77 84;ChIJf9yICvNPYA0R3QX2srpxZUU;39,4624532;-0,3918814;
Valencia;2;El taller de Miguel | Carpintería;Carpintería;4,9;22;;C/ del Comte de Torrefiel, 24, Rascaña, 46019 València, Valencia;627 41 29 66;ChIJay2ibFFFYA0RiszFjx9CsD0;39,4932034;-0,37586149999999996;
Valencia;3;Carpintería Escribano;Carpintería;4,6;12;;C/ de l'Enginyer la Cierva, 15, Bajo - B, La Zaidía, 46009 València, Valencia;623 81 48 20;ChIJmZMhdfdFYA0Rcml2JmUr-lg;39,4880771;-0,3853137;
Valencia;4;Carpintería marítimo;Carpintería;4,7;28;carpinteriamaritimo.es;C. del Dr. Lluch, 28, bajo derecha, Poblados Marítimos, 46011 València, Valencia;963 67 33 67;ChIJCSSAIWZIYA0RaVbmPleBPWQ;39,4650537;-0,3284258;http://carpinteriamaritimo.es/
Valencia;5;Carpintería general manitas reparaciones Valencia carpintería;Carpintero;4,9;35;;Av. del Primat Reig, 44, La Zaidía, 46009 València, Valencia;603 54 46 69;ChIJ35s8juRHYA0RANI_rBXEcMA;39,488295199999996;-0,3692739;
Valencia;6;CARPINTERÍA;Tienda de artículos para el hogar;4,4;16;;C. del Mestre Sosa, 37, Extramurs, 46007 València, Valencia;963 41 27 38;ChIJOQXM2flPYA0RrX1mOtewJfI;39,4609868;-0,3834104;
Valencia;7;Carpintería y Restauración Alberola;Carpintero;4,8;16;;Carrer d'Alberola, 19, Quatre Carreres, 46013 València, Valencia;660 89 75 75;ChIJi8ke4dFIYA0RffcyD4N_sWY;39,45457;-0,369177;
Valencia;8;Carpinteria Valencia | Rotomadecoración;Carpintería;5,0;5;rotomadecoracion.com;;;ChIJt4voVN0AfikRGZnN9yYdK6o;39,1644608;-0,2789994;http://rotomadecoracion.com/
Valencia;9;Mg Carpintería Creativa;Carpintero;4,6;14;carpinteriacreativamanolo.com;C/ del Foc, 36, Benicalap, 46025 València, Valencia;653 89 63 54;ChIJo1YukOxFYA0R3FK_vlSD5tM;39,5013916;-0,39224129999999996;https://carpinteriacreativamanolo.com/
Valencia;10;CARPINTERÍA ALCÁZAR;Carpintería;5,0;1;carpinteriaalcazar.com;C. del Empalme, 1, Poblados del Oeste, 46015 València, Valencia;963 40 11 35;ChIJb5zQHutFYA0RIIZDkCjXCH8;39,496717;-0,4051842;https://carpinteriaalcazar.com/
Valencia;11;Carpintería Villanueva;Carpintería;5,0;6;;Avda de la Malvarrosa de 106, C/ de Vicente la Roda, 35 bajo, pta 1, Poblats Marítims, 46011 València, Valencia;678 82 43 33;ChIJJ_r_UHdIYA0RmKdKS9H0nDI;39,479369299999995;-0,32705239999999997;
Valencia;12;Carpinteria Dos De Mayo s.l.;Carpintero;4,5;24;;C/ del Dos de Maig, 10, 46920 Mislata, Valencia;963 59 97 15;ChIJrSPVGJxPYA0R6TtiM65zvIM;39,4705006;-0,41619239999999996;
Valencia;13;LCPA CARPINTERIA;Carpintería;4,3;6;lcpacarpinteria.com;C. Major, 85, 46920 Mislata, Valencia;601 40 24 01;ChIJo_6jdwBPYA0RfvWKQn1fmhg;39,4740039;-0,4126393;https://lcpacarpinteria.com/
Valencia;14;Carpintería Miguel Ángel;Carpintería metálica y de aluminio;4,3;30;carpinteriamiguelangel.com;Carpintería Metálica Miguel Ángel, C/ dels Sapadors, 25, Quatre Carreres, 46006 València, Valencia;676 49 82 70;ChIJIYna-85IYA0Rk_pSMmfgZ90;39,4577822;-0,3682109;http://www.carpinteriamiguelangel.com/
Valencia;15;carpinteria fustalbo;Carpintero;5,0;1;;Carrer dels Escultors, 46120 Alboraya, Valencia;675 54 58 02;ChIJY8fHRDBHYA0RSDbgdbkHs6g;39,5005556;-0,34102319999999997;
Valencia;16;Carpinteria San Jose;Carpintero;4,3;37;carpinteriasanjose.es;Avinguda de Portugal, 3, Bajo derecha, La Saïdia, 46009 València, Valencia;658 44 37 29;ChIJ32wyB_9FYA0ROQPkIgbT_pc;39,488080499999995;-0,377297;http://carpinteriasanjose.es/
Valencia;17;Carpintería Miguel Angel Checa;Ebanista;3,6;20;;Carrer de Jacint Labaila, 14, Patraix, 46007 València, Valencia;603 12 78 73;ChIJ3XGIKTxPYA0RDXT5hlGFzL8;39,459785499999995;-0,3910286;
Valencia;18;Cerrajería y carpintería metálica, HERRERAS;Carpintería metálica y de aluminio;4,6;127;cerrajeriaherreras.com;C/ de Vicent Brull, n 35-37, Poblados Marítimos, 46011 València, Valencia;963 67 60 35;ChIJy-sOcl5IYA0RqBCJaB-oz0M;39,4636378;-0,333038;http://www.cerrajeriaherreras.com/
Valencia;19;Nuevo Estilo Carpintería pvc y aluminio RTP;Proveedor de ventanas PVC;4,8;256;nuevoestilo.net;Av. de Peris i Valero, 111, Bajo, Ensanche, 46006 València, Valencia;656 76 48 34;ChIJ0UFkss5IYA0RjH11krDhTC4;39,459649999999996;-0,36966;https://nuevoestilo.net/
Valencia;20;CARPINTERIA GARCIA PATIÑO, S.L.;Carpintero;4,0;8;;C. de Tramoyeres, 86, Poblados Marítimos, 46011 València, Valencia;963 72 64 18;ChIJI_it0GRIYA0RzEfkw-rTX3Q;39,474971499999995;-0,3303308;
