domain;domain_type;n_cities;cities_seen;positions;best_rank;urls;titles
habitissimo.es;directorio;4;Santiago de Compostela | Barcelona | Madrid Centro | Valencia;Santiago de Compostela: 5 | Barcelona: 4 | Madrid Centro: 3 | Valencia: 3;3;https://www.habitissimo.es/pro/carpinteria-franjuar | https://www.habitissimo.es/empresas/carpinteros/valencia/valencia | https://www.habitissimo.es/empresas/carpinteros/alicante;Carpintería Franjuar - Opiniones & Precios | Las 10 mejores empresas de carpinteros en Valencia (Ciudad) | Las 10 mejores empresas de carpinteros en Alicante
qdq.com;directorio;3;Santiago de Compostela | Barcelona | Madrid Centro;Santiago de Compostela: 6 | Barcelona: 5 | Madrid Centro: 1;1;https://www.qdq.com/carpinteria-el-remedio-337882 | https://www.qdq.com/carpinteria-llopis-109421 | https://www.qdq.com/a/carpinteria-y-ebanisteria/madrid/arganda-del-rey | https://www.qdq.com/carpinteria-villaca%C3%B1as-sl-338433 | https://www.qdq.com/a/carpinteria-y-ebanisteria/toledo/talavera-de-la-reina;CARPINTERÍA EL REMEDIO, Carpintería y Ebanistería en Malagón, Ciudad Real | Carpintería Llopis, Carpintería y Ebanistería en Altea, Alicante | Carpintería y Ebanistería en Arganda Del Rey Madrid | CARPINTERÍA VILLACAÑAS S.L., Carpintería y Ebanistería en Alcorcón, Madrid | Carpintería y Ebanistería en Talavera De La Reina Toledo
viladecans.cat;negocio/otro;3;Santiago de Compostela | Barcelona | Madrid Centro;Santiago de Compostela: 10 | Barcelona: 1 | Madrid Centro: 8;1;https://www.viladecans.cat/es/taller-viladecans-repara-reparacion-de-muebles-y-carpinteria;Taller Viladecans Repara: Reparación de muebles y carpintería
carpinteriacuetara.com;negocio/otro;3;Santiago de Compostela | Barcelona | Madrid Centro;Santiago de Compostela: 8 | Barcelona: 8 | Madrid Centro: 5;5;https://carpinteriacuetara.com/carpinteria-en-asturias;Carpintería de Madera en Asturias - Panes
facebook.com;red social;3;Pontevedra | Barcelona | Madrid Centro;Pontevedra: 9 | Barcelona: 9 | Madrid Centro: 6;6;https://www.facebook.com/domingosantanacarpinteros/ | https://www.facebook.com/carpinteriaucha/ | https://www.facebook.com/carpinteria.sanjose.valencia/?locale=es_ES;Carpinteros las palmas | Las Palmas de Gran Canaria | Carpintería Ebanistería Ucha | Vigo | Carpintería San José | Valencia
paxinasgalegas.es;negocio/otro;2;Santiago de Compostela | Madrid Centro;Santiago de Compostela: 1 | Madrid Centro: 9;1;https://www.paxinasgalegas.es/dosil-144895em.html | https://www.paxinasgalegas.es/hurruya-652296em.html;Carpintería de Madera Dosil en Noia | Carpintería Hurruya en Pontevedra
paginasamarillas.es;directorio;2;Pontevedra | Valencia;Pontevedra: 1 | Valencia: 5;1;https://www.paginasamarillas.es/a/carpinteria/pontevedra/ | https://www.paginasamarillas.es/a/carpinterias-de-madera/alicante/alicante/ | https://www.paginasamarillas.es/a/carpinterias-de-madera/madrid/madrid/ | https://www.paginasamarillas.es/a/carpinterias-de-madera/valencia/ | https://www.paginasamarillas.es/a/carpinterias-de-madera/valencia/valencia/;Carpintería en Pontevedra (provincia) | Carpinterías de madera en Alicante | Carpinterías de madera en Madrid capital | Carpinterías de madera en Valencia (provincia) | Carpinterías de madera en València (Valencia)
cronoshare.com;directorio;2;Pontevedra | Valencia;Pontevedra: 5 | Valencia: 1;1;https://www.cronoshare.com/servicios/carpinteros/a-coruna/a-coruna | https://www.cronoshare.com/servicios/carpinteros/valencia/valencia;Carpinteros en A Coruña | Muebles y estructuras a medida | Carpinteros en Valencia | Muebles y estructuras a medida
profemadera.es;negocio/otro;2;Santiago de Compostela | Barcelona;Santiago de Compostela: 2 | Barcelona: 2;2;https://profemadera.es/recurso/manual-completo-de-la-madera-la-carpinteria-y-la-ebanisteria/;Manual completo de la madera, la carpintería y la ebanistería
taskia.es;negocio/otro;2;Pontevedra | Valencia;Pontevedra: 2 | Valencia: 4;2;https://www.taskia.es/servicios-de-carpinteria-en-pontevedra | https://www.taskia.es/servicios-de-carpinteria-en-valencia | https://www.taskia.es/servicios-de-carpinteria-en-valencia-valencia;Carpinteros a domicilio en Pontevedra | Carpinteros a domicilio en València | Carpinteros a domicilio en Valencia/València
prontopro.es;negocio/otro;2;Pontevedra | Valencia;Pontevedra: 3 | Valencia: 2;2;https://prontopro.es/a-coruna-carpinteria | https://prontopro.es/sevilla-carpinteria | https://prontopro.es/valencia-carpintero;Los mejores 40 Carpinteros en A Coruña - ProntoPro | Los mejores 40 Carpinteros en Sevilla - ProntoPro | Los mejores 40 Carpinteros en Valencia - ProntoPro
tuformacionprofesional.com;negocio/otro;2;Santiago de Compostela | Barcelona;Santiago de Compostela: 4 | Barcelona: 3;3;https://www.tuformacionprofesional.com/fp/carpinteria-y-mueble/;Grado Medio en Carpintería y Mueble ➡️ TuFP
tallerestemino.com;negocio/otro;2;Santiago de Compostela | Barcelona;Santiago de Compostela: 9 | Barcelona: 6;6;https://www.tallerestemino.com/servicios/carpinteria-metalica-para-interiores/;Carpintería Metálica para Interiores en Burgos
extremadura.com;negocio/otro;1;Pontevedra;Pontevedra: 4;4;https://www.extremadura.com/paginas/badajoz/carpinterias;Guía de Carpinterías en Badajoz | extremadura .com
multimap.es;negocio/otro;1;Madrid Centro;Madrid Centro: 4;4;https://www.multimap.es/servicios/carpinteria-madera/zamora;Servicios de Carpintería madera en Zamora - MULTIMAP
carpinterialaspalmas.es;negocio/otro;1;Pontevedra;Pontevedra: 6;6;https://www.carpinterialaspalmas.es/;Carpinteria en Las Palmas | Carpinterías Las Palmas: Carpintería Las Palmas
juntito.es;negocio/otro;1;Valencia;Valencia: 6;6;https://juntito.es/servicios-de-carpinteros/;Servicios de los Carpinteros en Alicante | Juntito - Precios Razonables y Calidad Garantizada
educa2.madrid.org;negocio/otro;1;Santiago de Compostela;Santiago de Compostela: 7;7;https://www.educa2.madrid.org/web/ace_tetuan/taller-de-carpinteria;Taller de carpintería | A.C.E. TETUÁN - EducaMadrid - Comunidad de Madrid |
fuentespina.es;negocio/otro;1;Barcelona;Barcelona: 7;7;https://www.fuentespina.es/empresas-y-negocios/ebanisteria-carpinteria-francisco-j-martin-moreno;Ebanisteria - Carpintería Francisco J. Martín Moreno
trustlocal.es;negocio/otro;1;Madrid Centro;Madrid Centro: 7;7;https://trustlocal.es/sevilla/la-algaba/carpintero/carpinteria-false/;Carpintería False en La Algaba | Experiencias - Trustlocal
carpinteria-madera.las24h.com;negocio/otro;1;Valencia;Valencia: 7;7;https://carpinteria-madera.las24h.com/valencia/valencia.html;Carpintería de Madera en Valencia
