ngram;domains;count
madera;8;54
carpintería;7;42
fabricación;6;25
nosotros;6;8
medida;5;51
pontevedra;5;44
fabricamos;5;18
materiales;5;17
soluciones;5;16
experiencia;5;12
trabajamos;5;10
trabajos;5;7
calidad;4;33
diseño;4;32
servicios;4;19
acabados;4;18
mobiliario;4;16
puertas;4;15
necesidades;4;13
instalación;4;13
montaje;4;11
final;4;11
clientes;4;10
empresa;4;9
obra;4;8
comerciales;4;8
somos;4;8
cliente;4;7
proceso;4;7
especializados;4;5
transformamos;4;5
oficina;4;5
mobiliario a medida;4;5
muebles;3;35
espacio;3;25
armarios;3;20
muebles a medida;3;20
trabajo;3;19
técnico;3;18
proyecto;3;14
proyectos;3;14
tecnología;3;12
equipo;3;10
servicio;3;9
escaleras;3;9
compromiso;3;9
cocinas;3;9
creamos;3;8
lograr;3;8
quieres;3;8
