url;ruta;uso;tamaño;alt_propuesto;paginas
/img/armarios-a-medida/armarios-empotrados.webp;web/public/img/armarios-a-medida/armarios-empotrados.webp;subservicio;900×600;Armarios empotrados;/armarios-a-medida/ | /armarios-a-medida/pontevedra/ | /armarios-a-medida/santiago-de-compostela/
/img/armarios-a-medida/despensas-a-medida.webp;web/public/img/armarios-a-medida/despensas-a-medida.webp;subservicio;900×600;Despensas a medida;/armarios-a-medida/ | /armarios-a-medida/pontevedra/ | /armarios-a-medida/santiago-de-compostela/
/img/armarios-a-medida/frentes-e-interiores-de-armario.webp;web/public/img/armarios-a-medida/frentes-e-interiores-de-armario.webp;subservicio;900×600;Frentes e interiores de armario;/armarios-a-medida/ | /armarios-a-medida/pontevedra/ | /armarios-a-medida/santiago-de-compostela/
/img/armarios-a-medida/huecos-irregulares-y-bajo-cubierta.webp;web/public/img/armarios-a-medida/huecos-irregulares-y-bajo-cubierta.webp;subservicio;900×600;Huecos irregulares y bajo cubierta;/armarios-a-medida/ | /armarios-a-medida/pontevedra/ | /armarios-a-medida/santiago-de-compostela/
/img/armarios-a-medida/pontevedra/portada.webp;web/public/img/armarios-a-medida/pontevedra/portada.webp;portada;1500×1000;Armario empotrado a medida en Pontevedra;/armarios-a-medida/pontevedra/
/img/armarios-a-medida/pontevedra/trabajo-1.webp;web/public/img/armarios-a-medida/pontevedra/trabajo-1.webp;galería;1200×900;Armario empotrado a medida en Pontevedra · trabajo 1;/armarios-a-medida/pontevedra/
/img/armarios-a-medida/pontevedra/trabajo-2.webp;web/public/img/armarios-a-medida/pontevedra/trabajo-2.webp;galería;1200×900;Armario empotrado a medida en Pontevedra · trabajo 2;/armarios-a-medida/pontevedra/
/img/armarios-a-medida/pontevedra/trabajo-3.webp;web/public/img/armarios-a-medida/pontevedra/trabajo-3.webp;galería;1200×900;Armario empotrado a medida en Pontevedra · trabajo 3;/armarios-a-medida/pontevedra/
/img/armarios-a-medida/portada.webp;web/public/img/armarios-a-medida/portada.webp;portada;1500×1000;Armario empotrado a medida;/armarios-a-medida/
/img/armarios-a-medida/santiago-de-compostela/portada.webp;web/public/img/armarios-a-medida/santiago-de-compostela/portada.webp;portada;1500×1000;Armario empotrado a medida en Santiago de Compostela;/armarios-a-medida/santiago-de-compostela/
/img/armarios-a-medida/santiago-de-compostela/trabajo-1.webp;web/public/img/armarios-a-medida/santiago-de-compostela/trabajo-1.webp;galería;1200×900;Armario empotrado a medida en Santiago de Compostela · trabajo 1;/armarios-a-medida/santiago-de-compostela/
/img/armarios-a-medida/santiago-de-compostela/trabajo-2.webp;web/public/img/armarios-a-medida/santiago-de-compostela/trabajo-2.webp;galería;1200×900;Armario empotrado a medida en Santiago de Compostela · trabajo 2;/armarios-a-medida/santiago-de-compostela/
/img/armarios-a-medida/santiago-de-compostela/trabajo-3.webp;web/public/img/armarios-a-medida/santiago-de-compostela/trabajo-3.webp;galería;1200×900;Armario empotrado a medida en Santiago de Compostela · trabajo 3;/armarios-a-medida/santiago-de-compostela/
/img/armarios-a-medida/trabajo-1.webp;web/public/img/armarios-a-medida/trabajo-1.webp;galería;1200×900;Armario empotrado a medida · trabajo 1;/armarios-a-medida/
/img/armarios-a-medida/trabajo-2.webp;web/public/img/armarios-a-medida/trabajo-2.webp;galería;1200×900;Armario empotrado a medida · trabajo 2;/armarios-a-medida/
/img/armarios-a-medida/trabajo-3.webp;web/public/img/armarios-a-medida/trabajo-3.webp;galería;1200×900;Armario empotrado a medida · trabajo 3;/armarios-a-medida/
/img/armarios-a-medida/vestidores.webp;web/public/img/armarios-a-medida/vestidores.webp;subservicio;900×600;Vestidores;/armarios-a-medida/ | /armarios-a-medida/pontevedra/ | /armarios-a-medida/santiago-de-compostela/
/img/carpinteria-exterior/cobertizos-de-madera.webp;web/public/img/carpinteria-exterior/cobertizos-de-madera.webp;subservicio;900×600;Cobertizos de madera;/carpinteria-exterior/ | /carpinteria-exterior/pontevedra/ | /carpinteria-exterior/santiago-de-compostela/
/img/carpinteria-exterior/muebles-de-exterior-a-medida.webp;web/public/img/carpinteria-exterior/muebles-de-exterior-a-medida.webp;subservicio;900×600;Muebles de exterior a medida;/carpinteria-exterior/ | /carpinteria-exterior/pontevedra/ | /carpinteria-exterior/santiago-de-compostela/
/img/carpinteria-exterior/pergolas.webp;web/public/img/carpinteria-exterior/pergolas.webp;subservicio;900×600;Pérgolas;/carpinteria-exterior/ | /carpinteria-exterior/pontevedra/ | /carpinteria-exterior/santiago-de-compostela/
/img/carpinteria-exterior/pontevedra/portada.webp;web/public/img/carpinteria-exterior/pontevedra/portada.webp;portada;1500×1000;Porche de madera a medida en Pontevedra;/carpinteria-exterior/pontevedra/
/img/carpinteria-exterior/pontevedra/trabajo-1.webp;web/public/img/carpinteria-exterior/pontevedra/trabajo-1.webp;galería;1200×900;Porche de madera a medida en Pontevedra · trabajo 1;/carpinteria-exterior/pontevedra/
/img/carpinteria-exterior/pontevedra/trabajo-2.webp;web/public/img/carpinteria-exterior/pontevedra/trabajo-2.webp;galería;1200×900;Porche de madera a medida en Pontevedra · trabajo 2;/carpinteria-exterior/pontevedra/
/img/carpinteria-exterior/pontevedra/trabajo-3.webp;web/public/img/carpinteria-exterior/pontevedra/trabajo-3.webp;galería;1200×900;Porche de madera a medida en Pontevedra · trabajo 3;/carpinteria-exterior/pontevedra/
/img/carpinteria-exterior/porches-de-madera-a-medida.webp;web/public/img/carpinteria-exterior/porches-de-madera-a-medida.webp;subservicio;900×600;Porches de madera a medida;/carpinteria-exterior/ | /carpinteria-exterior/pontevedra/ | /carpinteria-exterior/santiago-de-compostela/
/img/carpinteria-exterior/portada.webp;web/public/img/carpinteria-exterior/portada.webp;portada;1500×1000;Porche de madera a medida;/carpinteria-exterior/
/img/carpinteria-exterior/puertas-exteriores-de-madera.webp;web/public/img/carpinteria-exterior/puertas-exteriores-de-madera.webp;subservicio;900×600;Puertas exteriores de madera;/carpinteria-exterior/ | /carpinteria-exterior/pontevedra/ | /carpinteria-exterior/santiago-de-compostela/
/img/carpinteria-exterior/santiago-de-compostela/portada.webp;web/public/img/carpinteria-exterior/santiago-de-compostela/portada.webp;portada;1500×1000;Porche de madera a medida en Santiago de Compostela;/carpinteria-exterior/santiago-de-compostela/
/img/carpinteria-exterior/santiago-de-compostela/trabajo-1.webp;web/public/img/carpinteria-exterior/santiago-de-compostela/trabajo-1.webp;galería;1200×900;Porche de madera a medida en Santiago de Compostela · trabajo 1;/carpinteria-exterior/santiago-de-compostela/
/img/carpinteria-exterior/santiago-de-compostela/trabajo-2.webp;web/public/img/carpinteria-exterior/santiago-de-compostela/trabajo-2.webp;galería;1200×900;Porche de madera a medida en Santiago de Compostela · trabajo 2;/carpinteria-exterior/santiago-de-compostela/
/img/carpinteria-exterior/santiago-de-compostela/trabajo-3.webp;web/public/img/carpinteria-exterior/santiago-de-compostela/trabajo-3.webp;galería;1200×900;Porche de madera a medida en Santiago de Compostela · trabajo 3;/carpinteria-exterior/santiago-de-compostela/
/img/carpinteria-exterior/trabajo-1.webp;web/public/img/carpinteria-exterior/trabajo-1.webp;galería;1200×900;Porche de madera a medida · trabajo 1;/carpinteria-exterior/
/img/carpinteria-exterior/trabajo-2.webp;web/public/img/carpinteria-exterior/trabajo-2.webp;galería;1200×900;Porche de madera a medida · trabajo 2;/carpinteria-exterior/
/img/carpinteria-exterior/trabajo-3.webp;web/public/img/carpinteria-exterior/trabajo-3.webp;galería;1200×900;Porche de madera a medida · trabajo 3;/carpinteria-exterior/
/img/carpinteria/santiago-de-compostela/portada.webp;web/public/img/carpinteria/santiago-de-compostela/portada.webp;portada;1500×1000;Trabajo de carpintería de madera en Santiago de Compostela;/carpinteria/santiago-de-compostela/
/img/carpinteria/santiago-de-compostela/trabajo-1.webp;web/public/img/carpinteria/santiago-de-compostela/trabajo-1.webp;galería;1200×900;Trabajo de carpintería de madera en Santiago de Compostela · trabajo 1;/carpinteria/santiago-de-compostela/
/img/carpinteria/santiago-de-compostela/trabajo-2.webp;web/public/img/carpinteria/santiago-de-compostela/trabajo-2.webp;galería;1200×900;Trabajo de carpintería de madera en Santiago de Compostela · trabajo 2;/carpinteria/santiago-de-compostela/
/img/carpinteria/santiago-de-compostela/trabajo-3.webp;web/public/img/carpinteria/santiago-de-compostela/trabajo-3.webp;galería;1200×900;Trabajo de carpintería de madera en Santiago de Compostela · trabajo 3;/carpinteria/santiago-de-compostela/
/img/cocinas-a-medida/diseno-de-cocina-con-render-3d.webp;web/public/img/cocinas-a-medida/diseno-de-cocina-con-render-3d.webp;subservicio;900×600;Diseño de cocina con render 3D;/cocinas-a-medida/ | /cocinas-a-medida/pontevedra/ | /cocinas-a-medida/santiago-de-compostela/
/img/cocinas-a-medida/electrodomesticos-de-varias-marcas.webp;web/public/img/cocinas-a-medida/electrodomesticos-de-varias-marcas.webp;subservicio;900×600;Electrodomésticos de varias marcas;/cocinas-a-medida/ | /cocinas-a-medida/pontevedra/ | /cocinas-a-medida/santiago-de-compostela/
/img/cocinas-a-medida/encimeras-de-porcelanico-granito-y-silestone.webp;web/public/img/cocinas-a-medida/encimeras-de-porcelanico-granito-y-silestone.webp;subservicio;900×600;Encimeras de porcelánico, granito y Silestone;/cocinas-a-medida/ | /cocinas-a-medida/pontevedra/ | /cocinas-a-medida/santiago-de-compostela/
/img/cocinas-a-medida/fabricacion-de-muebles-de-cocina-en-taller-propio.webp;web/public/img/cocinas-a-medida/fabricacion-de-muebles-de-cocina-en-taller-propio.webp;subservicio;900×600;Fabricación de muebles de cocina en taller propio;/cocinas-a-medida/ | /cocinas-a-medida/pontevedra/ | /cocinas-a-medida/santiago-de-compostela/
/img/cocinas-a-medida/montaje-por-equipo-propio.webp;web/public/img/cocinas-a-medida/montaje-por-equipo-propio.webp;subservicio;900×600;Montaje por equipo propio;/cocinas-a-medida/ | /cocinas-a-medida/pontevedra/ | /cocinas-a-medida/santiago-de-compostela/
/img/cocinas-a-medida/pontevedra/portada.webp;web/public/img/cocinas-a-medida/pontevedra/portada.webp;portada;1500×1000;Cocina a medida de madera en Pontevedra;/cocinas-a-medida/pontevedra/
/img/cocinas-a-medida/pontevedra/trabajo-1.webp;web/public/img/cocinas-a-medida/pontevedra/trabajo-1.webp;galería;1200×900;Cocina a medida de madera en Pontevedra · trabajo 1;/cocinas-a-medida/pontevedra/
/img/cocinas-a-medida/pontevedra/trabajo-2.webp;web/public/img/cocinas-a-medida/pontevedra/trabajo-2.webp;galería;1200×900;Cocina a medida de madera en Pontevedra · trabajo 2;/cocinas-a-medida/pontevedra/
/img/cocinas-a-medida/pontevedra/trabajo-3.webp;web/public/img/cocinas-a-medida/pontevedra/trabajo-3.webp;galería;1200×900;Cocina a medida de madera en Pontevedra · trabajo 3;/cocinas-a-medida/pontevedra/
/img/cocinas-a-medida/portada.webp;web/public/img/cocinas-a-medida/portada.webp;portada;1500×1000;Cocina a medida de madera;/cocinas-a-medida/
/img/cocinas-a-medida/reforma-de-cocina-parte-de-carpinteria.webp;web/public/img/cocinas-a-medida/reforma-de-cocina-parte-de-carpinteria.webp;subservicio;900×600;Reforma de cocina (parte de carpintería);/cocinas-a-medida/ | /cocinas-a-medida/pontevedra/ | /cocinas-a-medida/santiago-de-compostela/
/img/cocinas-a-medida/santiago-de-compostela/portada.webp;web/public/img/cocinas-a-medida/santiago-de-compostela/portada.webp;portada;1500×1000;Cocina a medida de madera en Santiago de Compostela;/cocinas-a-medida/santiago-de-compostela/
/img/cocinas-a-medida/santiago-de-compostela/trabajo-1.webp;web/public/img/cocinas-a-medida/santiago-de-compostela/trabajo-1.webp;galería;1200×900;Cocina a medida de madera en Santiago de Compostela · trabajo 1;/cocinas-a-medida/santiago-de-compostela/
/img/cocinas-a-medida/santiago-de-compostela/trabajo-2.webp;web/public/img/cocinas-a-medida/santiago-de-compostela/trabajo-2.webp;galería;1200×900;Cocina a medida de madera en Santiago de Compostela · trabajo 2;/cocinas-a-medida/santiago-de-compostela/
/img/cocinas-a-medida/santiago-de-compostela/trabajo-3.webp;web/public/img/cocinas-a-medida/santiago-de-compostela/trabajo-3.webp;galería;1200×900;Cocina a medida de madera en Santiago de Compostela · trabajo 3;/cocinas-a-medida/santiago-de-compostela/
/img/cocinas-a-medida/trabajo-1.webp;web/public/img/cocinas-a-medida/trabajo-1.webp;galería;1200×900;Cocina a medida de madera · trabajo 1;/cocinas-a-medida/
/img/cocinas-a-medida/trabajo-2.webp;web/public/img/cocinas-a-medida/trabajo-2.webp;galería;1200×900;Cocina a medida de madera · trabajo 2;/cocinas-a-medida/
/img/cocinas-a-medida/trabajo-3.webp;web/public/img/cocinas-a-medida/trabajo-3.webp;galería;1200×900;Cocina a medida de madera · trabajo 3;/cocinas-a-medida/
/img/home/portada.webp;web/public/img/home/portada.webp;portada;1500×1000;Taller de carpintería con muebles de madera a medida;/
/img/home/trabajo-1.webp;web/public/img/home/trabajo-1.webp;galería;1200×900;Taller de carpintería con muebles de madera a medida · trabajo 1;/
/img/home/trabajo-2.webp;web/public/img/home/trabajo-2.webp;galería;1200×900;Taller de carpintería con muebles de madera a medida · trabajo 2;/
/img/home/trabajo-3.webp;web/public/img/home/trabajo-3.webp;galería;1200×900;Taller de carpintería con muebles de madera a medida · trabajo 3;/
/img/muebles-a-medida/dormitorios-juveniles-e-infantiles.webp;web/public/img/muebles-a-medida/dormitorios-juveniles-e-infantiles.webp;subservicio;900×600;Dormitorios juveniles e infantiles;/muebles-a-medida/ | /muebles-a-medida/pontevedra/ | /muebles-a-medida/santiago-de-compostela/
/img/muebles-a-medida/mobiliario-para-locales.webp;web/public/img/muebles-a-medida/mobiliario-para-locales.webp;subservicio;900×600;Mobiliario para locales;/muebles-a-medida/ | /muebles-a-medida/pontevedra/ | /muebles-a-medida/santiago-de-compostela/
/img/muebles-a-medida/muebles-de-bano-a-medida.webp;web/public/img/muebles-a-medida/muebles-de-bano-a-medida.webp;subservicio;900×600;Muebles de baño a medida;/muebles-a-medida/ | /muebles-a-medida/pontevedra/ | /muebles-a-medida/santiago-de-compostela/
/img/muebles-a-medida/muebles-de-salon-y-librerias.webp;web/public/img/muebles-a-medida/muebles-de-salon-y-librerias.webp;subservicio;900×600;Muebles de salón y librerías;/muebles-a-medida/ | /muebles-a-medida/pontevedra/ | /muebles-a-medida/santiago-de-compostela/
/img/muebles-a-medida/pontevedra/portada.webp;web/public/img/muebles-a-medida/pontevedra/portada.webp;portada;1500×1000;Mueble de madera a medida en Pontevedra;/muebles-a-medida/pontevedra/
/img/muebles-a-medida/pontevedra/trabajo-1.webp;web/public/img/muebles-a-medida/pontevedra/trabajo-1.webp;galería;1200×900;Mueble de madera a medida en Pontevedra · trabajo 1;/muebles-a-medida/pontevedra/
/img/muebles-a-medida/pontevedra/trabajo-2.webp;web/public/img/muebles-a-medida/pontevedra/trabajo-2.webp;galería;1200×900;Mueble de madera a medida en Pontevedra · trabajo 2;/muebles-a-medida/pontevedra/
/img/muebles-a-medida/pontevedra/trabajo-3.webp;web/public/img/muebles-a-medida/pontevedra/trabajo-3.webp;galería;1200×900;Mueble de madera a medida en Pontevedra · trabajo 3;/muebles-a-medida/pontevedra/
/img/muebles-a-medida/portada.webp;web/public/img/muebles-a-medida/portada.webp;portada;1500×1000;Mueble de madera a medida;/muebles-a-medida/
/img/muebles-a-medida/recibidores-y-zapateros.webp;web/public/img/muebles-a-medida/recibidores-y-zapateros.webp;subservicio;900×600;Recibidores y zapateros;/muebles-a-medida/ | /muebles-a-medida/pontevedra/ | /muebles-a-medida/santiago-de-compostela/
/img/muebles-a-medida/santiago-de-compostela/portada.webp;web/public/img/muebles-a-medida/santiago-de-compostela/portada.webp;portada;1500×1000;Mueble de madera a medida en Santiago de Compostela;/muebles-a-medida/santiago-de-compostela/
/img/muebles-a-medida/santiago-de-compostela/trabajo-1.webp;web/public/img/muebles-a-medida/santiago-de-compostela/trabajo-1.webp;galería;1200×900;Mueble de madera a medida en Santiago de Compostela · trabajo 1;/muebles-a-medida/santiago-de-compostela/
/img/muebles-a-medida/santiago-de-compostela/trabajo-2.webp;web/public/img/muebles-a-medida/santiago-de-compostela/trabajo-2.webp;galería;1200×900;Mueble de madera a medida en Santiago de Compostela · trabajo 2;/muebles-a-medida/santiago-de-compostela/
/img/muebles-a-medida/santiago-de-compostela/trabajo-3.webp;web/public/img/muebles-a-medida/santiago-de-compostela/trabajo-3.webp;galería;1200×900;Mueble de madera a medida en Santiago de Compostela · trabajo 3;/muebles-a-medida/santiago-de-compostela/
/img/muebles-a-medida/trabajo-1.webp;web/public/img/muebles-a-medida/trabajo-1.webp;galería;1200×900;Mueble de madera a medida · trabajo 1;/muebles-a-medida/
/img/muebles-a-medida/trabajo-2.webp;web/public/img/muebles-a-medida/trabajo-2.webp;galería;1200×900;Mueble de madera a medida · trabajo 2;/muebles-a-medida/
/img/muebles-a-medida/trabajo-3.webp;web/public/img/muebles-a-medida/trabajo-3.webp;galería;1200×900;Mueble de madera a medida · trabajo 3;/muebles-a-medida/
/img/rehabilitacion-de-madera/armazones-y-estructuras-de-madera.webp;web/public/img/rehabilitacion-de-madera/armazones-y-estructuras-de-madera.webp;subservicio;900×600;Armazones y estructuras de madera;/rehabilitacion-de-madera/ | /rehabilitacion-de-madera/pontevedra/ | /rehabilitacion-de-madera/santiago-de-compostela/ | /rehabilitacion-de-madera/sanxenxo/
/img/rehabilitacion-de-madera/forjados-de-madera.webp;web/public/img/rehabilitacion-de-madera/forjados-de-madera.webp;subservicio;900×600;Forjados de madera;/rehabilitacion-de-madera/ | /rehabilitacion-de-madera/pontevedra/ | /rehabilitacion-de-madera/santiago-de-compostela/ | /rehabilitacion-de-madera/sanxenxo/
/img/rehabilitacion-de-madera/pontevedra/portada.webp;web/public/img/rehabilitacion-de-madera/pontevedra/portada.webp;portada;1500×1000;Rehabilitación de vigas y estructura de tejado de madera en Pontevedra;/rehabilitacion-de-madera/pontevedra/
/img/rehabilitacion-de-madera/pontevedra/trabajo-1.webp;web/public/img/rehabilitacion-de-madera/pontevedra/trabajo-1.webp;galería;1200×900;Rehabilitación de vigas y estructura de tejado de madera en Pontevedra · trabajo 1;/rehabilitacion-de-madera/pontevedra/
/img/rehabilitacion-de-madera/pontevedra/trabajo-2.webp;web/public/img/rehabilitacion-de-madera/pontevedra/trabajo-2.webp;galería;1200×900;Rehabilitación de vigas y estructura de tejado de madera en Pontevedra · trabajo 2;/rehabilitacion-de-madera/pontevedra/
/img/rehabilitacion-de-madera/pontevedra/trabajo-3.webp;web/public/img/rehabilitacion-de-madera/pontevedra/trabajo-3.webp;galería;1200×900;Rehabilitación de vigas y estructura de tejado de madera en Pontevedra · trabajo 3;/rehabilitacion-de-madera/pontevedra/
/img/rehabilitacion-de-madera/portada.webp;web/public/img/rehabilitacion-de-madera/portada.webp;portada;1500×1000;Rehabilitación de vigas y estructura de tejado de madera;/rehabilitacion-de-madera/
/img/rehabilitacion-de-madera/refuerzo-y-sustitucion-de-piezas-danadas.webp;web/public/img/rehabilitacion-de-madera/refuerzo-y-sustitucion-de-piezas-danadas.webp;subservicio;900×600;Refuerzo y sustitución de piezas dañadas;/rehabilitacion-de-madera/ | /rehabilitacion-de-madera/pontevedra/ | /rehabilitacion-de-madera/santiago-de-compostela/ | /rehabilitacion-de-madera/sanxenxo/
/img/rehabilitacion-de-madera/santiago-de-compostela/portada.webp;web/public/img/rehabilitacion-de-madera/santiago-de-compostela/portada.webp;portada;1500×1000;Rehabilitación de vigas y estructura de tejado de madera en Santiago de Compostela;/rehabilitacion-de-madera/santiago-de-compostela/
/img/rehabilitacion-de-madera/santiago-de-compostela/trabajo-1.webp;web/public/img/rehabilitacion-de-madera/santiago-de-compostela/trabajo-1.webp;galería;1200×900;Rehabilitación de vigas y estructura de tejado de madera en Santiago de Compostela · trabajo 1;/rehabilitacion-de-madera/santiago-de-compostela/
/img/rehabilitacion-de-madera/santiago-de-compostela/trabajo-2.webp;web/public/img/rehabilitacion-de-madera/santiago-de-compostela/trabajo-2.webp;galería;1200×900;Rehabilitación de vigas y estructura de tejado de madera en Santiago de Compostela · trabajo 2;/rehabilitacion-de-madera/santiago-de-compostela/
/img/rehabilitacion-de-madera/santiago-de-compostela/trabajo-3.webp;web/public/img/rehabilitacion-de-madera/santiago-de-compostela/trabajo-3.webp;galería;1200×900;Rehabilitación de vigas y estructura de tejado de madera en Santiago de Compostela · trabajo 3;/rehabilitacion-de-madera/santiago-de-compostela/
/img/rehabilitacion-de-madera/sanxenxo/portada.webp;web/public/img/rehabilitacion-de-madera/sanxenxo/portada.webp;portada;1500×1000;Rehabilitación de vigas y estructura de tejado de madera en Sanxenxo;/rehabilitacion-de-madera/sanxenxo/
/img/rehabilitacion-de-madera/sanxenxo/trabajo-1.webp;web/public/img/rehabilitacion-de-madera/sanxenxo/trabajo-1.webp;galería;1200×900;Rehabilitación de vigas y estructura de tejado de madera en Sanxenxo · trabajo 1;/rehabilitacion-de-madera/sanxenxo/
/img/rehabilitacion-de-madera/sanxenxo/trabajo-2.webp;web/public/img/rehabilitacion-de-madera/sanxenxo/trabajo-2.webp;galería;1200×900;Rehabilitación de vigas y estructura de tejado de madera en Sanxenxo · trabajo 2;/rehabilitacion-de-madera/sanxenxo/
/img/rehabilitacion-de-madera/sanxenxo/trabajo-3.webp;web/public/img/rehabilitacion-de-madera/sanxenxo/trabajo-3.webp;galería;1200×900;Rehabilitación de vigas y estructura de tejado de madera en Sanxenxo · trabajo 3;/rehabilitacion-de-madera/sanxenxo/
/img/rehabilitacion-de-madera/tejados-y-cubiertas-de-madera.webp;web/public/img/rehabilitacion-de-madera/tejados-y-cubiertas-de-madera.webp;subservicio;900×600;Tejados y cubiertas de madera;/rehabilitacion-de-madera/ | /rehabilitacion-de-madera/pontevedra/ | /rehabilitacion-de-madera/santiago-de-compostela/ | /rehabilitacion-de-madera/sanxenxo/
/img/rehabilitacion-de-madera/trabajo-1.webp;web/public/img/rehabilitacion-de-madera/trabajo-1.webp;galería;1200×900;Rehabilitación de vigas y estructura de tejado de madera · trabajo 1;/rehabilitacion-de-madera/
/img/rehabilitacion-de-madera/trabajo-2.webp;web/public/img/rehabilitacion-de-madera/trabajo-2.webp;galería;1200×900;Rehabilitación de vigas y estructura de tejado de madera · trabajo 2;/rehabilitacion-de-madera/
/img/rehabilitacion-de-madera/trabajo-3.webp;web/public/img/rehabilitacion-de-madera/trabajo-3.webp;galería;1200×900;Rehabilitación de vigas y estructura de tejado de madera · trabajo 3;/rehabilitacion-de-madera/
/img/rehabilitacion-de-madera/vigas-de-madera.webp;web/public/img/rehabilitacion-de-madera/vigas-de-madera.webp;subservicio;900×600;Vigas de madera;/rehabilitacion-de-madera/ | /rehabilitacion-de-madera/pontevedra/ | /rehabilitacion-de-madera/santiago-de-compostela/ | /rehabilitacion-de-madera/sanxenxo/
/img/sobre-nosotros/taller.webp;web/public/img/sobre-nosotros/taller.webp;portada;1500×1000;Taller de carpintería en A Estrada;/sobre-nosotros/
/img/suelos-de-madera/escaleras-y-rodapies.webp;web/public/img/suelos-de-madera/escaleras-y-rodapies.webp;subservicio;900×600;Escaleras y rodapiés;/suelos-de-madera/
/img/suelos-de-madera/parquet.webp;web/public/img/suelos-de-madera/parquet.webp;subservicio;900×600;Parquet;/suelos-de-madera/
/img/suelos-de-madera/portada.webp;web/public/img/suelos-de-madera/portada.webp;portada;1500×1000;Suelo de tarima de madera;/suelos-de-madera/
/img/suelos-de-madera/pulido-y-barnizado.webp;web/public/img/suelos-de-madera/pulido-y-barnizado.webp;subservicio;900×600;Pulido y barnizado;/suelos-de-madera/
/img/suelos-de-madera/tarima-de-madera.webp;web/public/img/suelos-de-madera/tarima-de-madera.webp;subservicio;900×600;Tarima de madera;/suelos-de-madera/
/img/suelos-de-madera/trabajo-1.webp;web/public/img/suelos-de-madera/trabajo-1.webp;galería;1200×900;Suelo de tarima de madera · trabajo 1;/suelos-de-madera/
/img/suelos-de-madera/trabajo-2.webp;web/public/img/suelos-de-madera/trabajo-2.webp;galería;1200×900;Suelo de tarima de madera · trabajo 2;/suelos-de-madera/
/img/suelos-de-madera/trabajo-3.webp;web/public/img/suelos-de-madera/trabajo-3.webp;galería;1200×900;Suelo de tarima de madera · trabajo 3;/suelos-de-madera/
